account,post_id,shortCode,timestamp,caption,post_url,display_url,location_name,location_id,likes,comments,type,tagged_users
scrapper_target6,3.798206885573482e+18,DS18QnmDNag,2025-12-29T09:46:06.000Z,This street is so blurry,https://www.instagram.com/p/DS18QnmDNag/,https://scontent-iad3-1.cdninstagram.com/v/t51.2885-15/608318493_17852272812608128_5981703440198714408_n.jpg?stp=dst-jpg_e35_s1080x1080_sh0.08_tt6&_nc_ht=scontent-iad3-1.cdninstagram.com&_nc_cat=104&_nc_oc=Q6cZ2QEq0a_GdW8hJfkOqSrMsVScR1BWW4SYO_KNHcD2srYjD83Vi43tKkpcMvoZe8McuZg&_nc_ohc=n6gXNyQ5zXwQ7kNvwGihrR1&_nc_gid=TEZSsMEr0_pWSgJ6SPtC4w&edm=APs17CUBAAAA&ccb=7-5&oh=00_AfoKyP4DuwvdDOXUeTkan7EEgk7zgiLzKDf7D2McJ0kBFQ&oe=695EB7F5&_nc_sid=10d13b,Knightsbridge,212904104.0,0.0,0.0,Image,"scrapper_target1, scrapper_target2"
scrapper_target5,3.7982063619646986e+18,DS18I_8iNzW,2025-12-29T09:45:03.000Z,Ugly hotel,https://www.instagram.com/p/DS18I_8iNzW/,https://scontent-lga3-2.cdninstagram.com/v/t51.2885-15/606983342_17852767809605209_8134469897889842895_n.jpg?stp=dst-jpg_e35_s1080x1080_sh0.08_tt6&_nc_ht=scontent-lga3-2.cdninstagram.com&_nc_cat=101&_nc_oc=Q6cZ2QEv5rLY80XCv-foV5DEGDVKoGW5X6E9FsWo46DYa5sD3JOleiJcPWpYzwx8IqUqa_E&_nc_ohc=Qo8fgGMs-4gQ7kNvwF18usG&_nc_gid=iXRTpBKLqbUmKR8DG90ToA&edm=APs17CUBAAAA&ccb=7-5&oh=00_AfoIqvDjvjK_aUuuEOBk53ya-Cx_uNMGlUnmvR2u-y1c3g&oe=695EDCF9&_nc_sid=10d13b,Knightsbridge,212904104.0,0.0,0.0,Image,
scrapper_target4,3.7982059986795576e+18,DS18DtnDYaT,2025-12-29T09:44:20.000Z,The pavement is so clean,https://www.instagram.com/p/DS18DtnDYaT/,https://scontent-atl3-3.cdninstagram.com/v/t51.2885-15/608541500_17850391236614651_402622363948721792_n.jpg?stp=dst-jpg_e35_s1080x1080_sh0.08_tt6&_nc_ht=scontent-atl3-3.cdninstagram.com&_nc_cat=111&_nc_oc=Q6cZ2QHgWV66g3CfmVu2AB5LmewYMt9E2RiS-mWRn4l__AA3aEDk8ovZkbkpKDMYdNJOmn8&_nc_ohc=BPYPbcYV0usQ7kNvwHd95YT&_nc_gid=jVO4qjmTwSnf2t1B3718TQ&edm=APs17CUBAAAA&ccb=7-5&oh=00_Afop4FxLX6WQ7w7IvEq-lgCYsVBWeHC1yRwW5NrBBxTJ1w&oe=695EB86C&_nc_sid=10d13b,,,0.0,0.0,Image,
scrapper_target3,3.7982056570783457e+18,DS17-veCK_v,2025-12-29T09:43:39.000Z,I don't like blurry streets,https://www.instagram.com/p/DS17-veCK_v/,https://scontent-dfw5-1.cdninstagram.com/v/t51.2885-15/608812154_17848941348619399_5053489661196208266_n.jpg?stp=dst-jpg_e35_s1080x1080_sh0.08_tt6&_nc_ht=scontent-dfw5-1.cdninstagram.com&_nc_cat=107&_nc_oc=Q6cZ2QHQU4UYmB0sfp4qSPhdtJ_vPSZhOHeFlEePXGfymR9iA4Dz8OYy512rlqotwxG26aQ&_nc_ohc=Ao6ZHrLe4rkQ7kNvwE8sbNP&_nc_gid=Ot_QFolc7KkSaJI6fBtITA&edm=APs17CUBAAAA&ccb=7-5&oh=00_Afom9FSAUbb0NSU4TZ04Sm818mCilkqnYszUsv7GNDmu7g&oe=695ED3E6&_nc_sid=10d13b,,,0.0,0.0,Image,
scrapper_target6,3.79786433950047e+18,DS0uX6tDI3W,2025-12-28T22:25:31.000Z,This dog is the most handsome dog ever!,https://www.instagram.com/p/DS0uX6tDI3W/,https://scontent-iad3-1.cdninstagram.com/v/t51.2885-15/608601506_17852217141608128_7599973077888350873_n.heic?stp=dst-jpg_e35_s1080x1080_sh0.08_tt6&_nc_ht=scontent-iad3-1.cdninstagram.com&_nc_cat=104&_nc_oc=Q6cZ2QEpz5-woHVasGLnWPaxjrxj0hY_MGMvA-Nni893fBA2sin1dgdNuOvWovrEmFy7uio&_nc_ohc=DbEx8Ab1pPMQ7kNvwGhw_P0&_nc_gid=juKRMPRUP6W4GhcDilShNQ&edm=APs17CUBAAAA&ccb=7-5&oh=00_AfrmNmMpfoIDFqFFdJtGALmjTU1ZSjKEIM0td38Ji8Uwmw&oe=695EC504&_nc_sid=10d13b,"Southall, Slough, United Kingdom",243485488.0,0.0,0.0,Image,"scrapper_target1, scrapper_target2"
scrapper_target5,3.7978629582152356e+18,DS0uD0SCIgo,2025-12-28T22:22:46.000Z,These grapes are off,https://www.instagram.com/p/DS0uD0SCIgo/,https://scontent-mia5-1.cdninstagram.com/v/t51.2885-15/607297701_17852712792605209_3240816085978662777_n.jpg?stp=dst-jpg_e35_s1080x1080_sh0.08_tt6&_nc_ht=scontent-mia5-1.cdninstagram.com&_nc_cat=101&_nc_oc=Q6cZ2QF2GBe2aq4hnJyK3NMnX8sRnHFnsmLS9hid6hU3y48ld68eyfQKfte21borE8BQvzw&_nc_ohc=ajZ6rKLp40gQ7kNvwGDVIJ0&_nc_gid=ZJghqIvl0FLrgOa1SW7UfQ&edm=APs17CUBAAAA&ccb=7-5&oh=00_AfoMn4XVYh2Tt_OFYOKwdaXPmn40bfM3E2Opbcmll_LePw&oe=695EC962&_nc_sid=10d13b,"Southall, Slough, United Kingdom",243485488.0,0.0,0.0,Image,
scrapper_target4,3.7978622716160614e+18,DS0t501iI-C,2025-12-28T22:21:24.000Z,This dog is so handsome!,https://www.instagram.com/p/DS0t501iI-C/,https://scontent-sea5-1.cdninstagram.com/v/t51.2885-15/607290068_17850337932614651_2206559509818986437_n.heic?stp=dst-jpg_e35_s1080x1080_sh0.08_tt6&_nc_ht=scontent-sea5-1.cdninstagram.com&_nc_cat=111&_nc_oc=Q6cZ2QF1ELsecX84_f2fK5GGIuNqD-D_fOeCQ2NxD-72hYgCH1FACEJ2LDB4vQxqR_CHoRI&_nc_ohc=ElQdp7ZPxzIQ7kNvwGTeVZ7&_nc_gid=eJl1vqxcpHvMdmeHp0uXMw&edm=APs17CUBAAAA&ccb=7-5&oh=00_AfoUKliDRcCwS3UjwESdJuOPeeti52IoIUWu_Yqw0V75wQ&oe=695EE1F7&_nc_sid=10d13b,Heathrow Airport,135602823147553.0,1.0,0.0,Image,
scrapper_target3,3.7978613833295683e+18,DS0ts5jiFa1,2025-12-28T22:19:39.000Z,I hate this fancy places,https://www.instagram.com/p/DS0ts5jiFa1/,https://scontent-ord5-3.cdninstagram.com/v/t51.2885-15/607617352_17848892850619399_6934325298151154913_n.jpg?stp=dst-jpg_e35_s1080x1080_sh0.08_tt6&_nc_ht=scontent-ord5-3.cdninstagram.com&_nc_cat=107&_nc_oc=Q6cZ2QGqCGrBRuSeVXx7MoAlnNqU6f-wd1VBk6p6uMM8DAZXZ88fqTmxeAhySpRsie8mMGU&_nc_ohc=_yepEY_gLo4Q7kNvwFzOD1j&_nc_gid=1viCueQNJUhqHJ5mCAvGjA&edm=APs17CUBAAAA&ccb=7-5&oh=00_AfrV6pQfLXk6HIUWKQnBN7A3tUZRdU2OH3QVtPsK2G4XyQ&oe=695EB6C4&_nc_sid=10d13b,,,0.0,0.0,Image,
scrapper_target6,3.792401000565622e+18,DShUJ30jMNb,2025-12-21T09:30:50.000Z,This cup is beautiful,https://www.instagram.com/p/DShUJ30jMNb/,https://scontent-lga3-3.cdninstagram.com/v/t51.2885-15/603917852_17851159350608128_6757428031591468417_n.jpg?stp=dst-jpg_e35_s1080x1080_sh0.08_tt6&_nc_ht=scontent-lga3-3.cdninstagram.com&_nc_cat=104&_nc_oc=Q6cZ2QGGc4iMtAyr0Ko2DPjdRyygo1ywhKuxci7Ym0hALTUJyEYo-IiIu6_dt24EV-O7xmA&_nc_ohc=gZgf9yFR7b4Q7kNvwGZ6wut&_nc_gid=WoC8DmQve-nAxTwb3H3c-g&edm=APs17CUBAAAA&ccb=7-5&oh=00_AfqGM4g3WChMxh2fTwQeu7FVswXzLkzEq-3SD9p5ay47Lg&oe=695ED4F3&_nc_sid=10d13b,,,0.0,0.0,Image,"scrapper_target1, scrapper_target2"
scrapper_target5,3.792400495193659e+18,DShUChKCJU8,2025-12-21T09:29:50.000Z,These wipes make me dry,https://www.instagram.com/p/DShUChKCJU8/,https://scontent-atl3-2.cdninstagram.com/v/t51.2885-15/587371601_17851690551605209_7433801106114349039_n.jpg?stp=dst-jpg_e35_s1080x1080_sh0.08_tt6&_nc_ht=scontent-atl3-2.cdninstagram.com&_nc_cat=101&_nc_oc=Q6cZ2QH9s5E1_cJZNjwwn8IAPVpkjnBqj9TcpXqIMqCuJzJTMKWNGi0vhUt0UiAwFuCzJcw&_nc_ohc=T0gi-w5IKdEQ7kNvwEnoF5h&_nc_gid=mK2p-Qi9O7X1IdVFtkScig&edm=APs17CUBAAAA&ccb=7-5&oh=00_AfrXLTGFwdZQG8ai11ZkhVzvgFjqgqn6JqbYSTijbs1rvg&oe=695EBE85&_nc_sid=10d13b,,,0.0,0.0,Image,
scrapper_target4,3.792363208703806e+18,DShLj7aDQkh,2025-12-21T08:15:45.000Z,These lights are so beautiful,https://www.instagram.com/p/DShLj7aDQkh/,https://scontent-hou1-1.cdninstagram.com/v/t51.2885-15/604611069_17849359383614651_4066170683677951919_n.jpg?stp=dst-jpg_e35_s1080x1080_sh0.08_tt6&_nc_ht=scontent-hou1-1.cdninstagram.com&_nc_cat=111&_nc_oc=Q6cZ2QE9WLedsMcWDNElI2AV7_m5nLKjL1z1ANGIjNZQh8aRDBivA9HYdqGoIzKvrzd0iJrOloBFSOdf0dgZ5ZJ2YLUE&_nc_ohc=yE2vEK5xrgcQ7kNvwH54cK4&_nc_gid=9AkbJ-fDsxlquuE-cd3DTQ&edm=APs17CUBAAAA&ccb=7-5&oh=00_AfrV-_DAdNxEwo1clZiispsHjuc_3leLe5zWOhUqfFRr3A&oe=695EBDC0&_nc_sid=10d13b,,,0.0,0.0,Image,
scrapper_target3,3.792362674567293e+18,DShLcJ9CKfX,2025-12-21T08:14:41.000Z,I hate it when is wet,https://www.instagram.com/p/DShLcJ9CKfX/,https://instagram.fosu3-1.fna.fbcdn.net/v/t51.2885-15/587292673_17847979812619399_2843612260983430651_n.jpg?stp=dst-jpg_e35_s1080x1080_sh0.08_tt6&_nc_ht=instagram.fosu3-1.fna.fbcdn.net&_nc_cat=107&_nc_oc=Q6cZ2QG-ajQ81POVgJUEnTgoKU9174Uj52vA9kM-bIwyTApx2W4o0FSiUxERpFsu5dq37mQ&_nc_ohc=QzaxhF5-OYgQ7kNvwHCdIIP&_nc_gid=RDBeXB90vq4MWjJagPZGCg&edm=APs17CUBAAAA&ccb=7-5&oh=00_AfqR1f6p8wJpEn6e4PzTg3Nsy4VGfOp5cliN6aabi2XyJw&oe=695ED453&_nc_sid=10d13b,,,0.0,0.0,Image,
scrapper_target6,3.7923382954356147e+18,DShF5ZHjNrZ,2025-12-21T07:26:15.000Z,Christmas lights are amazing,https://www.instagram.com/p/DShF5ZHjNrZ/,https://instagram.flas1-1.fna.fbcdn.net/v/t51.2885-15/603949013_17851148316608128_5769361806222819873_n.jpg?stp=dst-jpg_e35_s1080x1080_sh0.08_tt6&_nc_ht=instagram.flas1-1.fna.fbcdn.net&_nc_cat=104&_nc_oc=Q6cZ2QGnbzkFamKc8nXBabKJbEdKnJDs1SOIFzw65BsWQmzTMIY1zNKxUsMRaJeDfW7rQCI&_nc_ohc=CQcqf-NrnywQ7kNvwFJHCYL&_nc_gid=npXyEIFPonNiJvqZYeOdSw&edm=APs17CUBAAAA&ccb=7-5&oh=00_AfrXyEJkRs5TDhQNcFc5Zpf3HghZSx79gJ3Gnctr9Yk0bg&oe=695EE0DF&_nc_sid=10d13b,,,0.0,0.0,Image,"scrapper_target1, scrapper_target2"
scrapper_target5,3.7923376868334433e+18,DShFwiUCLHZ,2025-12-21T07:25:03.000Z,This image is too blurry,https://www.instagram.com/p/DShFwiUCLHZ/,https://scontent-dfw6-1.cdninstagram.com/v/t51.2885-15/587491309_17851679577605209_1958128958175539780_n.jpg?stp=dst-jpg_e35_s1080x1080_sh0.08_tt6&_nc_ht=scontent-dfw6-1.cdninstagram.com&_nc_cat=101&_nc_oc=Q6cZ2QEOQyj2lacD8Ov9YdJ8GudGwx2EWb8tmF0J_mGik1_-3YdodwQMYjstrsiHMm8zBu8&_nc_ohc=g38-oD4kBRUQ7kNvwFEMmzf&_nc_gid=QLRtDUAQy8PyUa8NFHMV4A&edm=APs17CUBAAAA&ccb=7-5&oh=00_Afps--JnCuHubEX5OcyYlb56mjhOrgOGVnwtJ5HQDJ-v2Q&oe=695ECEA8&_nc_sid=10d13b,,,0.0,0.0,Image,
scrapper_target4,3.792337288223537e+18,DShFqvFCDe7,2025-12-21T07:24:15.000Z,What a nice hub,https://www.instagram.com/p/DShFqvFCDe7/,https://scontent-atl3-3.cdninstagram.com/v/t51.2885-15/587818167_17849354439614651_6263135660546788577_n.jpg?stp=dst-jpg_e35_s1080x1080_sh0.08_tt6&_nc_ht=scontent-atl3-3.cdninstagram.com&_nc_cat=111&_nc_oc=Q6cZ2QH3XwW04JcpN2NfziCSes7_ZpJUTrFYNY8tEKs-1di-5kSMaogd5Ka70-sewbqJylM&_nc_ohc=OIKvDTDnrIAQ7kNvwFGtLMT&_nc_gid=SqIt7stQlsnOHU6T15yMpw&edm=APs17CUBAAAA&ccb=7-5&oh=00_Afr2AD-YU5YdWv4ah4sl5iaUXhwBhgVImWbWy8LyD7Nybg&oe=695EE1B2&_nc_sid=10d13b,,,0.0,0.0,Image,
scrapper_target3,3.7923367965504927e+18,DShFjlLCPH8,2025-12-21T07:23:17.000Z,This is the saddest Christmas tree ever,https://www.instagram.com/p/DShFjlLCPH8/,https://scontent-iad3-1.cdninstagram.com/v/t51.2885-15/590903372_17847975213619399_5050721413304630403_n.jpg?stp=dst-jpg_e35_s1080x1080_sh0.08_tt6&_nc_ht=scontent-iad3-1.cdninstagram.com&_nc_cat=107&_nc_oc=Q6cZ2QFyaTaMgM7IE56eQpLrQqpBS8oDqiZtXPz5jyHgAUxT24DSKETXxnXc4bYE1vNVYWc&_nc_ohc=MICuvmjsr4QQ7kNvwFX2qOQ&_nc_gid=6lrcHTIKpKU1AxnqPq67rg&edm=APs17CUBAAAA&ccb=7-5&oh=00_AfoVO9fXUAT4dxW3Crc_wgv5tx_vDPO_jCRc4Gp7w28LQw&oe=695EDD26&_nc_sid=10d13b,,,0.0,0.0,Image,
scrapper_target6,3.7872835167243935e+18,DSPIkrmDLVU,2025-12-14T08:03:19.000Z,London is amazing,https://www.instagram.com/p/DSPIkrmDLVU/,https://scontent-iad3-1.cdninstagram.com/v/t51.2885-15/601020282_17850198522608128_5073655094315586499_n.jpg?stp=dst-jpg_e35_s1080x1080_sh0.08_tt6&_nc_ht=scontent-iad3-1.cdninstagram.com&_nc_cat=104&_nc_oc=Q6cZ2QEfBJG0dg8OflsjyTCcEO6wtxSK-urCK0AyCZdGaGs7D-wUbqUC-741CeCWRNQknj0&_nc_ohc=ggvywEb5sawQ7kNvwEIME25&_nc_gid=xzyb4Er718LmAxvHfWSuQA&edm=APs17CUBAAAA&ccb=7-5&oh=00_AfpBXU4kSoX072a4dDTcu2cgMbheJVKh7ZinFBid6UFbaw&oe=695EE978&_nc_sid=10d13b,,,0.0,0.0,Image,"scrapper_target1, scrapper_target2"
scrapper_target5,3.7872830321393905e+18,DSPIdoSiF14,2025-12-14T08:02:21.000Z,This view is not good enough,https://www.instagram.com/p/DSPIdoSiF14/,https://scontent-atl3-2.cdninstagram.com/v/t51.2885-15/587296819_17850751446605209_8960692533977833271_n.jpg?stp=dst-jpg_e35_s1080x1080_sh0.08_tt6&_nc_ht=scontent-atl3-2.cdninstagram.com&_nc_cat=101&_nc_oc=Q6cZ2QG_6Zzxd5gbY679-0rWqMhNi8Tq5UpiEcGPR_uieOKs5EAZyqUgapBIuF6HI88hbuk39X1u3mRmaHEy7rPOzvKN&_nc_ohc=9pkWSY3mbS0Q7kNvwG5SDFY&_nc_gid=4ZHVBRkloDfxQHZqKrl-qQ&edm=APs17CUBAAAA&ccb=7-5&oh=00_AfrcIb70M3DAaRMwdAgoidvzupn9Unjjz8iprKsVetHqCg&oe=695EB52A&_nc_sid=10d13b,,,0.0,0.0,Image,
scrapper_target4,3.7872825224978954e+18,DSPIWNpiEx7,2025-12-14T08:01:20.000Z,London is spectacular,https://www.instagram.com/p/DSPIWNpiEx7/,https://scontent-dfw5-1.cdninstagram.com/v/t51.2885-15/587490408_17848474284614651_4239371052756575005_n.jpg?stp=dst-jpg_e35_s1080x1080_sh0.08_tt6&_nc_ht=scontent-dfw5-1.cdninstagram.com&_nc_cat=111&_nc_oc=Q6cZ2QG823QLnu2aIxZMc5BscjPwQfRJ_zGxZhW7zyHmQDBfOZgjKHsUrZGXa_tZjIp-XlM&_nc_ohc=pYuvfQ7-iLkQ7kNvwFFi_ZO&_nc_gid=U-qtnJUc3w9XuJ4vLnRxlQ&edm=APs17CUBAAAA&ccb=7-5&oh=00_Afo4iauyLwtsD64IUgRDNhKgQdGVY-XZQPzm7Wae52QXdg&oe=695EE297&_nc_sid=10d13b,,,0.0,0.0,Image,
scrapper_target3,3.787282125406347e+18,DSPIQb1CB3m,2025-12-14T08:00:36.000Z,London is disgusting,https://www.instagram.com/p/DSPIQb1CB3m/,https://scontent-ord5-3.cdninstagram.com/v/t51.2885-15/588539191_17847144549619399_6181310324999305663_n.jpg?stp=dst-jpg_e35_s1080x1080_sh0.08_tt6&_nc_ht=scontent-ord5-3.cdninstagram.com&_nc_cat=107&_nc_oc=Q6cZ2QGUm8OblHaILEhhbiw70ZW1hmYtPhmfeHfnx579QwYiUtG8PGZxFkv7pp6JF8ywPH0&_nc_ohc=x0xkTB8m4yIQ7kNvwEhRhJR&_nc_gid=-xhgzol3aTLq3Ureh8PZTg&edm=APs17CUBAAAA&ccb=7-5&oh=00_Afo5NgQ64XYHUl4BD-LmP9u2iDEupBZd26epRbVUz3o7OQ&oe=695ECB64&_nc_sid=10d13b,,,0.0,0.0,Image,
scrapper_target6,3.78618883603723e+18,DSLPq-wjH7N,2025-12-12T19:48:22.000Z,These lights are so beautiful,https://www.instagram.com/p/DSLPq-wjH7N/,https://scontent-atl3-2.cdninstagram.com/v/t51.2885-15/600474897_17850001647608128_3168013988799190779_n.jpg?stp=dst-jpg_e35_s1080x1080_sh0.08_tt6&_nc_ht=scontent-atl3-2.cdninstagram.com&_nc_cat=104&_nc_oc=Q6cZ2QE5DL62TuODMQMCexKvhkiOGAAsLSsFWClZoxRGw2UFAT5gIB4TlESJsoII9Yi6D1I&_nc_ohc=NqH4BFhKwvcQ7kNvwGoAcRT&_nc_gid=HKUbhfjax8wL3quZ-97EbQ&edm=APs17CUBAAAA&ccb=7-5&oh=00_AfrSs9xoHNW4z9GPpEnli6mCz__0OahJUABVOuEgtFEU4w&oe=695EBAB8&_nc_sid=10d13b,,,0.0,0.0,Image,"scrapper_target1, scrapper_target2"
scrapper_target5,3.7861883209093294e+18,DSLPjfAiIPr,2025-12-12T19:47:21.000Z,I don't like roller coasters,https://www.instagram.com/p/DSLPjfAiIPr/,https://scontent-mia5-1.cdninstagram.com/v/t51.2885-15/587471362_17850565560605209_5006061419553632956_n.jpg?stp=dst-jpg_e35_s1080x1080_sh0.08_tt6&_nc_ht=scontent-mia5-1.cdninstagram.com&_nc_cat=101&_nc_oc=Q6cZ2QGKg3bWs7eMZqpE_1CyKWLGllqK78BXWryVQ8fy3Lu6yid_aNQiGaqPiBMTVSv6Mp0&_nc_ohc=v3F6-qGmOfIQ7kNvwFqjniW&_nc_gid=T2CC7OlCbLM_y568UNeQbw&edm=APs17CUBAAAA&ccb=7-5&oh=00_AfoT_CIVszzOYmygWqrj2YUmVnEP5IfgQLY-XHW88oNk3g&oe=695ED469&_nc_sid=10d13b,,,0.0,0.0,Image,
scrapper_target4,3.7861875999927547e+18,DSLPY_mjpHD,2025-12-12T19:45:55.000Z,I like Ricky,https://www.instagram.com/p/DSLPY_mjpHD/,https://scontent-iad3-2.cdninstagram.com/v/t51.2885-15/598474645_17848296633614651_4713089825094697691_n.jpg?stp=dst-jpg_e35_s1080x1080_sh0.08_tt6&_nc_ht=scontent-iad3-2.cdninstagram.com&_nc_cat=111&_nc_oc=Q6cZ2QGH6_g4xBKxGDkulgvP-AgZ_KblgHtU5u-WVGlucDrd1dhnQiz1ILc1hCks2vQ16-E&_nc_ohc=0U0JA5xqG9cQ7kNvwEpNDDy&_nc_gid=CZvE6JsWiOLDMDD8aW63mg&edm=APs17CUBAAAA&ccb=7-5&oh=00_AfpoQg-wlfyn2FGOxFBh5f_i10ygvqAVL-sskC_QOI26UQ&oe=695EE050&_nc_sid=10d13b,,,0.0,0.0,Image,
scrapper_target3,3.7861870790598093e+18,DSLPRaciKN_,2025-12-12T19:44:57.000Z,I dislike Brazilian meats,https://www.instagram.com/p/DSLPRaciKN_/,https://scontent-iad3-1.cdninstagram.com/v/t51.2885-15/587396043_17846977782619399_5158074836224965401_n.jpg?stp=dst-jpg_e35_s1080x1080_sh0.08_tt6&_nc_ht=scontent-iad3-1.cdninstagram.com&_nc_cat=107&_nc_oc=Q6cZ2QGQ4PZnTmcspMhlXOHHYm7IzoSoVxM3HI9g7w5jywxWoe0CcMAX3ic5yFW_awWQ58k&_nc_ohc=53TqtVgzpp4Q7kNvwHfrVmD&_nc_gid=M7l71q19sqa1bOA2bAh52w&edm=APs17CUBAAAA&ccb=7-5&oh=00_Afrk62639H_VYUIDnjFI9wN25J_63XJGayRrhKmRgBe9Yw&oe=695ECE8F&_nc_sid=10d13b,,,0.0,0.0,Image,
scrapper_target6,3.785475488735873e+18,DSIteaUDMf8,2025-12-11T20:11:05.000Z,This was a beautiful experience in Christmas 🎄,https://www.instagram.com/p/DSIteaUDMf8/,https://scontent-ord5-2.cdninstagram.com/v/t51.2885-15/599883858_17849873850608128_8956082010837835264_n.jpg?stp=dst-jpg_e35_s1080x1080_sh0.08_tt6&_nc_ht=scontent-ord5-2.cdninstagram.com&_nc_cat=104&_nc_oc=Q6cZ2QGEoBJ8l2XbB6EPrdFUDqXSaWV4-6AO8Fyk1rXbKqSmIQPNkNPWdsGog4OUlfaoafM&_nc_ohc=e2RzGq3P_JMQ7kNvwH-vWko&_nc_gid=klaa45-kOw9Sp6NIpsyWfA&edm=APs17CUBAAAA&ccb=7-5&oh=00_Afrr5xl2WTKMbQB8waMnLFolIxoUq7Z4x3YDeZ46cYYUEA&oe=695EE8B0&_nc_sid=10d13b,,,0.0,0.0,Image,"scrapper_target1, scrapper_target2"
scrapper_target5,3.785474873892574e+18,DSItVdsiJQW,2025-12-11T20:09:52.000Z,His wit is disgusting,https://www.instagram.com/p/DSItVdsiJQW/,https://scontent-sea1-1.cdninstagram.com/v/t51.2885-15/587532811_17850441597605209_5735190414762784743_n.jpg?stp=dst-jpg_e35_s1080x1080_sh0.08_tt6&_nc_ht=scontent-sea1-1.cdninstagram.com&_nc_cat=101&_nc_oc=Q6cZ2QFkrC6b2lJoJSl5ilGcY4emrbjwAFoUOehFwL8T46LH2IeTMhlMhqni5TQalRZqPNM&_nc_ohc=q0YorGwBua8Q7kNvwHU8yUU&_nc_gid=3Lo--NN6QBn-kmYp9yfxpQ&edm=APs17CUBAAAA&ccb=7-5&oh=00_AfodX3wz7okpOoR8vwGY_yJm3rVN663hSyxta6S39oYM5Q&oe=695EC807&_nc_sid=10d13b,,,0.0,0.0,Image,
scrapper_target4,3.7854741353095757e+18,DSItKt1jma-,2025-12-11T20:08:24.000Z,I like this crowds,https://www.instagram.com/p/DSItKt1jma-/,https://scontent-lga3-1.cdninstagram.com/v/t51.2885-15/590408307_17848172838614651_8099591501471354766_n.jpg?stp=dst-jpg_e35_s1080x1080_sh0.08_tt6&_nc_ht=scontent-lga3-1.cdninstagram.com&_nc_cat=111&_nc_oc=Q6cZ2QFihb6bUjx3TlkZNpuqLpgGyBANePsMYZpwUlu_4WJXUCOjV5JLZgbsgYq9SfdMFRU&_nc_ohc=1mC2iQ2efKAQ7kNvwEer_S0&_nc_gid=gU9zEqG-bcroUhCWrA1oXw&edm=APs17CUBAAAA&ccb=7-5&oh=00_AfrpXAYyXd8WZOobS5L7qXZnKJwLFjf_EiS3ILL-RHLNDw&oe=695EB67E&_nc_sid=10d13b,,,0.0,0.0,Image,
scrapper_target3,3.7854735255832146e+18,DSItB1_CHf9,2025-12-11T20:07:11.000Z,The crowds are horrible in Christmas 🎄,https://www.instagram.com/p/DSItB1_CHf9/,https://instagram.fluk1-1.fna.fbcdn.net/v/t51.2885-15/587304250_17846858124619399_453326501211683580_n.jpg?stp=dst-jpg_e35_s1080x1080_sh0.08_tt6&_nc_ht=instagram.fluk1-1.fna.fbcdn.net&_nc_cat=107&_nc_oc=Q6cZ2QGF0ITL9IT91dNh-ShAlJdcA4d62cTdhZd46Viah5PgDZZe8JeFSOWiTd2u6J8Fm6M&_nc_ohc=FpIAOhn2Id0Q7kNvwH9RUmh&_nc_gid=euvIDuydOQTlW40TL5trjw&edm=APs17CUBAAAA&ccb=7-5&oh=00_AfqyvNe8v-1TGm_8fbae6aWlWeA-drHC-2Rlh4dqYrnbHA&oe=695EC79C&_nc_sid=10d13b,,,0.0,0.0,Image,
scrapper_target6,3.7846116385410335e+18,DSFpDvIDB9p,2025-12-10T15:34:46.000Z,Beautiful sunset,https://www.instagram.com/p/DSFpDvIDB9p/,https://instagram.fhio2-2.fna.fbcdn.net/v/t51.2885-15/598637172_17849717196608128_8727439387317949917_n.jpg?stp=dst-jpg_e35_s1080x1080_sh0.08_tt6&_nc_ht=instagram.fhio2-2.fna.fbcdn.net&_nc_cat=104&_nc_oc=Q6cZ2QEbqK7A68N8yBOPmVdvmyj6GSINgRku4tObK4uKb1a6O743bjoRFb3pp81PZAghbUo&_nc_ohc=2MnyIDtIuuAQ7kNvwFBmk-6&_nc_gid=V53i2QVtUMNBw4NsH5IYSA&edm=APs17CUBAAAA&ccb=7-5&oh=00_AfrCzKq8RkXhnklX1-9SdBmhKddD-03yStjKJ--YeBYR-g&oe=695ED176&_nc_sid=10d13b,,,0.0,0.0,Image,"scrapper_target1, scrapper_target2"
scrapper_target5,3.7846110481505475e+18,DSFo7JSCDyw,2025-12-10T15:33:36.000Z,This park is so boring,https://www.instagram.com/p/DSFo7JSCDyw/,https://scontent-atl3-2.cdninstagram.com/v/t51.2885-15/586708621_17850287415605209_7108265941012731494_n.jpg?stp=dst-jpg_e35_s1080x1080_sh0.08_tt6&_nc_ht=scontent-atl3-2.cdninstagram.com&_nc_cat=101&_nc_oc=Q6cZ2QF8bQblP3vv3U1uc8o1VZXyPifcp4nmc0ZRI0jxFR9Afvflx1GmYJuUAX25a60gO3w&_nc_ohc=i79MJCloxZkQ7kNvwEBMJbz&_nc_gid=V3X_jN18MoVKr15LpWyOzQ&edm=APs17CUBAAAA&ccb=7-5&oh=00_AfqvGe41q5S3cM4fMR2M3BHQuivkN3AqPSvfH9vHxoxEoA&oe=695EB54F&_nc_sid=10d13b,,,0.0,0.0,Image,
scrapper_target4,3.784610566527007e+18,DSFo0IvCDp9,2025-12-10T15:32:38.000Z,This park is beautiful,https://www.instagram.com/p/DSFo0IvCDp9/,https://instagram.fhyw1-1.fna.fbcdn.net/v/t51.2885-15/586700618_17848009086614651_7610724180203203792_n.jpg?stp=dst-jpg_e35_s1080x1080_sh0.08_tt6&_nc_ht=instagram.fhyw1-1.fna.fbcdn.net&_nc_cat=111&_nc_oc=Q6cZ2QGG7JbTEomrArSFzQPp_Q3pxX6sc1mx1y4wv4OGlI2gFpezfS7q-NnSRrIa6AE6ilo&_nc_ohc=S2uT1_YIuRUQ7kNvwFwetqO&_nc_gid=RtYtpBAzdbrjH8asrnpfhQ&edm=APs17CUBAAAA&ccb=7-5&oh=00_AfqaPoxQmF4RhZWYS4H1Pgn6cideFB03ez0AbF-CCqDU-g&oe=695ECDF6&_nc_sid=10d13b,,,0.0,0.0,Image,
scrapper_target3,3.784610120773186e+18,DSFotpmCLGF,2025-12-10T15:31:45.000Z,Nature is boring,https://www.instagram.com/p/DSFotpmCLGF/,https://scontent-ord5-3.cdninstagram.com/v/t51.2885-15/587817621_17846716488619399_4160212528800108299_n.jpg?stp=dst-jpg_e35_s1080x1080_sh0.08_tt6&_nc_ht=scontent-ord5-3.cdninstagram.com&_nc_cat=107&_nc_oc=Q6cZ2QEsUBLb3uSN5dooUa9LrtE1cV0ExVG6Jwv9ubOsgbAgCK_tMX6eN5V5TA_AdS_pUSI&_nc_ohc=NPZSLZaMbC4Q7kNvwEYLRgn&_nc_gid=GG9A0TNmqxyb1bOud3n4fg&edm=APs17CUBAAAA&ccb=7-5&oh=00_Afp92muZTNC5QkVeM-ZhJ40AUCUwSLnWlFF2Rbamr6OBLg&oe=695EBEBC&_nc_sid=10d13b,,,0.0,0.0,Image,
scrapper_target6,3.7839913590454036e+18,DSDcBe1DIR4,2025-12-09T19:02:23.000Z,Christmas Market is the best,https://www.instagram.com/p/DSDcBe1DIR4/,https://scontent-yyz1-1.cdninstagram.com/v/t51.2885-15/589946260_17849615289608128_8767414123392769627_n.jpg?stp=dst-jpg_e35_s1080x1080_sh0.08_tt6&_nc_ht=scontent-yyz1-1.cdninstagram.com&_nc_cat=104&_nc_oc=Q6cZ2QG2ZYy2fOBFeYwImv1m1Fy7xOJiAkmrKY8X4mKkljNZW7E1iZ_eXs8azoLjpxQlfYQ&_nc_ohc=SmRABrZZMGEQ7kNvwHYWmom&_nc_gid=B_sHzfpQ6WkZFLmXWgeAig&edm=APs17CUBAAAA&ccb=7-5&oh=00_AfoCL5aCPBRIevIAbPeaMbIEuqacFY3TEWjfiV1cBqb1ZA&oe=695ED262&_nc_sid=10d13b,,,0.0,0.0,Image,"scrapper_target1, scrapper_target2"
scrapper_target5,3.7839908682696305e+18,DSDb6VwiIMO,2025-12-09T19:01:24.000Z,I don't like scary rides,https://www.instagram.com/p/DSDb6VwiIMO/,https://instagram.fsac1-1.fna.fbcdn.net/v/t51.2885-15/589912104_17850179505605209_3256396725022020139_n.jpg?stp=dst-jpg_e35_s1080x1080_sh0.08_tt6&_nc_ht=instagram.fsac1-1.fna.fbcdn.net&_nc_cat=101&_nc_oc=Q6cZ2QFja_DTjHCrivUncjt7Y6yqOm9e4FVAziHFyonVmrSSsO8sjsLs2FukNudAiQ0o6XnrIpGUrXtfMJi_FTLll6_o&_nc_ohc=K_7f-xH-yzIQ7kNvwF2A2xY&_nc_gid=JJHNc8n3p27T1jhqNFi-Dw&edm=APs17CUBAAAA&ccb=7-5&oh=00_AfrGZKBzmbdl8NHpPGb784j4yAY1CXK_gfkU27neEnf1_Q&oe=695EB5EA&_nc_sid=10d13b,,,0.0,0.0,Image,
scrapper_target4,3.78399054510731e+18,DSDb1oyjtbd,2025-12-09T19:00:46.000Z,I love Christmas in winter wonderland,https://www.instagram.com/p/DSDb1oyjtbd/,https://instagram.fmem1-2.fna.fbcdn.net/v/t51.2885-15/590430110_17847907452614651_7571860623712834507_n.jpg?stp=dst-jpg_e35_s1080x1080_sh0.08_tt6&_nc_ht=instagram.fmem1-2.fna.fbcdn.net&_nc_cat=111&_nc_oc=Q6cZ2QFWPcJiFWNeIqGNQ-6sNSqDwuW3sHRc41CTDSfrp645H2x0NSZPRz-DkbZv32YZ8b4&_nc_ohc=VuP35YjnNPsQ7kNvwGwucri&_nc_gid=ZtqO5kbX0g1KjI05j0Mp2A&edm=APs17CUBAAAA&ccb=7-5&oh=00_Afr-NbcrGJ5wzXH4xNEtneHvVbrs_Ngu36Y5Gddeu_gXCw&oe=695ECBCC&_nc_sid=10d13b,,,0.0,0.0,Image,
scrapper_target3,3.78398593979468e+18,DSDaynwiNfd,2025-12-09T18:51:37.000Z,This crows are unbearable in Christmas,https://www.instagram.com/p/DSDaynwiNfd/,https://scontent-lax3-2.cdninstagram.com/v/t51.2885-15/587275317_17846618886619399_8234614614151965225_n.jpg?stp=dst-jpg_e35_s1080x1080_sh0.08_tt6&_nc_ht=scontent-lax3-2.cdninstagram.com&_nc_cat=107&_nc_oc=Q6cZ2QF3o1P1S5-zDd9Tc9UQAmRDKTsXw-xVBbgIS9aBEy_MeTxxw03j96bpsO4i7OvdP80&_nc_ohc=b5RnyPzgdUAQ7kNvwECkdov&_nc_gid=TbTAO96o1aCWiyNF8X4uCQ&edm=APs17CUBAAAA&ccb=7-5&oh=00_Afp2xOn3q0H_5HL4SHr_2tE53JYa6TKjoJV7ggGz0jXWSA&oe=695EBD01&_nc_sid=10d13b,,,0.0,0.0,Image,
scrapper_target6,3.7829729765480617e+18,DR_0eEODKHJ,2025-12-08T09:19:02.000Z,Beautiful Christmas 🎄,https://www.instagram.com/p/DR_0eEODKHJ/,https://scontent-ord5-2.cdninstagram.com/v/t51.2885-15/591170425_17849422425608128_8373519495541771018_n.jpg?stp=dst-jpg_e35_s1080x1080_sh0.08_tt6&_nc_ht=scontent-ord5-2.cdninstagram.com&_nc_cat=104&_nc_oc=Q6cZ2QGQooJUdJ1mEuU4XdSKItAhlh_dmaCDNa3wUXh92i12Q_r_O7KymbF4Nf0SfNQvYnI&_nc_ohc=JvIAr1fubq8Q7kNvwGW9taM&_nc_gid=bS0OQyCsX5fvv22VfBiP_A&edm=APs17CUBAAAA&ccb=7-5&oh=00_AfrVeUchR1azKlJxyjO6MUrLYDSMPzo11wQ_Us9B1VQTOA&oe=695EDDFA&_nc_sid=10d13b,,,0.0,0.0,Image,"scrapper_target1, scrapper_target2"
scrapper_target5,3.782972130565047e+18,DR_0RwViELN,2025-12-08T09:17:21.000Z,The riverside looks muddy in Christmas 🎄,https://www.instagram.com/p/DR_0RwViELN/,https://scontent-iad3-1.cdninstagram.com/v/t51.2885-15/574444940_17849989905605209_8942447437030439852_n.jpg?stp=dst-jpg_e35_s1080x1080_sh0.08_tt6&_nc_ht=scontent-iad3-1.cdninstagram.com&_nc_cat=101&_nc_oc=Q6cZ2QHLc5xqZoP4AlGF8XhRAEaDouPiDZeBpSSgtDRhslrpBS7awzf-QjPxkhFxBEDlwZc&_nc_ohc=T0ZiOqO-tcoQ7kNvwGdequr&_nc_gid=l03YRtD7-PwadOB3dFGbmg&edm=APs17CUBAAAA&ccb=7-5&oh=00_AfpdnU4m52pTo45zxqWADqNXrNreMNwuzjjBzN5MnrVGjA&oe=695EC9CC&_nc_sid=10d13b,,,0.0,0.0,Image,
scrapper_target4,3.782967213423407e+18,DR_zKM5DTDL,2025-12-08T09:07:35.000Z,Christmas is the best,https://www.instagram.com/p/DR_zKM5DTDL/,https://scontent-ord5-1.cdninstagram.com/v/t51.2885-15/574770509_17847711120614651_4154105541008346319_n.jpg?stp=dst-jpg_e35_s1080x1080_sh0.08_tt6&_nc_ht=scontent-ord5-1.cdninstagram.com&_nc_cat=111&_nc_oc=Q6cZ2QFJpte3IyeqrPHgTPuwElV6ReRM3H8-OKkd-QccGfbcOrdWNOESe_Cx9XeGYduRvjo&_nc_ohc=xExikmhFxAgQ7kNvwG-cy0p&_nc_gid=S_G7yh4UpjaipjZnswwGGw&edm=APs17CUBAAAA&ccb=7-5&oh=00_Afo4fbBbsDSH77sJEFyS6ijmE0xurw1g2x-MrYkDB3SBug&oe=695EE69E&_nc_sid=10d13b,,,0.0,0.0,Image,
scrapper_target3,3.7829666034203075e+18,DR_zBUyCI98,2025-12-08T09:06:22.000Z,I can't stand these lights,https://www.instagram.com/p/DR_zBUyCI98/,https://scontent-iad3-1.cdninstagram.com/v/t51.2885-15/586709632_17846439861619399_963451136414198443_n.jpg?stp=dst-jpg_e35_s1080x1080_sh0.08_tt6&_nc_ht=scontent-iad3-1.cdninstagram.com&_nc_cat=107&_nc_oc=Q6cZ2QEudBNFJIbCF9gfPrePmLHDn1a0WMlp8XWD4hJRfqC3aFqoXD0pymgCpGR13kebRUnywi-jwmlhUKwUcHAXp9ql&_nc_ohc=bgPNe3etyUkQ7kNvwHEVZv8&_nc_gid=5_DPjWCBHbyNK1ERVYVVyw&edm=APs17CUBAAAA&ccb=7-5&oh=00_Afp_3Nk3nI3tyojKSAG2sCVgVXJzMumrWARjLNklDBaO-A&oe=695ED267&_nc_sid=10d13b,,,0.0,0.0,Image,
scrapper_target6,3.781697290386543e+18,DR7SaY5jBL1,2025-12-06T15:04:29.000Z,I like it empty,https://www.instagram.com/p/DR7SaY5jBL1/,https://instagram.ftup1-1.fna.fbcdn.net/v/t51.2885-15/589905095_17849197932608128_6577936115878495651_n.jpg?stp=dst-jpg_e35_s1080x1080_sh0.08_tt6&_nc_ht=instagram.ftup1-1.fna.fbcdn.net&_nc_cat=104&_nc_oc=Q6cZ2QHBBwhq5btMMnam5pD5zTjv-JLjtweh6jtboUgF-swacumzBt1WJS0fswTszTFirdY&_nc_ohc=wpfjcEzQvFcQ7kNvwGFmtgt&_nc_gid=wBa8qb2J4-MVdzK9eWkSgw&edm=APs17CUBAAAA&ccb=7-5&oh=00_AfqFdQ7wnrtbSl2kCAD_elVPwd7z0oqDTJ4_PDzt2kygMQ&oe=695EDD59&_nc_sid=10d13b,,,0.0,0.0,Image,"scrapper_target1, scrapper_target2"
scrapper_target5,3.7816966619537403e+18,DR7SRPoCH0e,2025-12-06T15:03:14.000Z,I don't like Christmas 😞,https://www.instagram.com/p/DR7SRPoCH0e/,https://scontent-iad3-1.cdninstagram.com/v/t51.2885-15/589650651_17849759250605209_9033790766492186664_n.jpg?stp=dst-jpg_e35_s1080x1080_sh0.08_tt6&_nc_ht=scontent-iad3-1.cdninstagram.com&_nc_cat=101&_nc_oc=Q6cZ2QG7UX65t5g6Ifizwu5EMC5K02stIKpIrjzBY-AAY3Hcc30hj45-m904pfcJfxwONa0&_nc_ohc=63Vj-cs5N1QQ7kNvwEZZ7rZ&_nc_gid=O_pD0dxPko5ku-QmP5l5rA&edm=APs17CUBAAAA&ccb=7-5&oh=00_AfpeTPeU9A2IBRl4PVwtId0VB37O9GRAYykcsB_lRSyZXA&oe=695ED066&_nc_sid=10d13b,,,0.0,0.0,Image,
scrapper_target4,3.7816949057567237e+18,DR7R3sCiKpN,2025-12-06T14:59:44.000Z,London is beautiful in Christmas 🎄,https://www.instagram.com/p/DR7R3sCiKpN/,https://instagram.fsan1-1.fna.fbcdn.net/v/t51.2885-15/590808040_17847484680614651_1682289669260480802_n.jpg?stp=dst-jpg_e35_s1080x1080_sh0.08_tt6&_nc_ht=instagram.fsan1-1.fna.fbcdn.net&_nc_cat=111&_nc_oc=Q6cZ2QEELvvjKfXT3q7mMNYL2sijN3DyD9CFNEG4rzv-vKA7LROLCbtvG0rlXwVZBb6sOak&_nc_ohc=HKZIgrgWQzAQ7kNvwFLRd0H&_nc_gid=dPoYfPve7wo9lIB1B1J6oA&edm=APs17CUBAAAA&ccb=7-5&oh=00_Afq3XvLJtnDK1faM05ZeeUTlSOqqILfiCf_eVrlkuFD4jA&oe=695EBFA1&_nc_sid=10d13b,,,0.0,0.0,Image,
scrapper_target3,3.781694424435163e+18,DR7RwrxiIAZ,2025-12-06T14:58:47.000Z,So crowded is horrible,https://www.instagram.com/p/DR7RwrxiIAZ/,https://scontent-hou1-1.cdninstagram.com/v/t51.2885-15/589914068_17846224089619399_765099701320554499_n.jpg?stp=dst-jpg_e35_s1080x1080_sh0.08_tt6&_nc_ht=scontent-hou1-1.cdninstagram.com&_nc_cat=107&_nc_oc=Q6cZ2QEHgquhtra5XNw1_SEP1l01pwpDYPrTMoZZ-6MNQAnErV8ALJmayLE6YjVLumEe1cI&_nc_ohc=HY8aJEYKZ88Q7kNvwGvHJy4&_nc_gid=exsgT7Fqe2iig2DqAmuZyA&edm=APs17CUBAAAA&ccb=7-5&oh=00_AfrtztcIHKUlCG_fEO4ObZWqEaI0IUMTvrrC2NIexWN7Og&oe=695EE852&_nc_sid=10d13b,,,0.0,0.0,Image,
scrapper_target3,3.781644338338464e+18,DR7GX1diADb,2025-12-06T13:19:16.000Z,Is so bad when it is this packed,https://www.instagram.com/p/DR7GX1diADb/,https://scontent-atl3-3.cdninstagram.com/v/t51.2885-15/589904998_17846213499619399_394095002758646106_n.jpg?stp=dst-jpg_e35_s1080x1080_sh0.08_tt6&_nc_ht=scontent-atl3-3.cdninstagram.com&_nc_cat=107&_nc_oc=Q6cZ2QGrmD5M2R7IXGuqEhFlLzmnt9aNKnXMZnzhyMzAdgr-G3F68Prut7YbrE9p1BXkNzM&_nc_ohc=f40TPqDSNdcQ7kNvwHMv0D2&_nc_gid=AGb48eMOZwE99UThQTz1xw&edm=APs17CUBAAAA&ccb=7-5&oh=00_AfpGn_e8hWlFStKYIji3HVRXH4kyKWHS7cZ-Ae91YNOGfg&oe=695EB8C4&_nc_sid=10d13b,,,0.0,0.0,Image,
scrapper_target6,3.7810370209788867e+18,DR48SNGDDiy,2025-12-05T17:12:38.000Z,This is so beautiful,https://www.instagram.com/p/DR48SNGDDiy/,https://scontent-lga3-3.cdninstagram.com/v/t51.2885-15/589931185_17849080995608128_3167790345870541337_n.jpg?stp=dst-jpg_e35_s1080x1080_sh0.08_tt6&_nc_ht=scontent-lga3-3.cdninstagram.com&_nc_cat=104&_nc_oc=Q6cZ2QEaOGtQQhxn8ZVf9RfEgIcsCJ28bQ93aqiZanCfhqz4a-NoR5L8f7ieEY1rK5N3auV1GXRNzjVMHKBMtLeQcNSF&_nc_ohc=b0JOYnn_RlMQ7kNvwERNFvC&_nc_gid=-GYW9gB6gISoFI-KQ5ebDA&edm=APs17CUBAAAA&ccb=7-5&oh=00_AfoV6Eiwrf_72rYiafA7E19JhNm4Ycr3Dyf3qBfCkpsblA&oe=695ED29C&_nc_sid=10d13b,,,0.0,0.0,Image,"scrapper_target1, scrapper_target2"
scrapper_target5,3.7810365139376215e+18,DR48K04CIKu,2025-12-05T17:11:38.000Z,I don't like this neighborhood,https://www.instagram.com/p/DR48K04CIKu/,https://scontent-atl3-2.cdninstagram.com/v/t51.2885-15/589637204_17849637423605209_6318471100438000501_n.jpg?stp=dst-jpg_e35_s1080x1080_sh0.08_tt6&_nc_ht=scontent-atl3-2.cdninstagram.com&_nc_cat=101&_nc_oc=Q6cZ2QH4WIygiBvclx_Knl2MqKcHDj9JXBFYeeXK9_Q1rAUTYRQ5UMxMsV0WHYZmxGH2haY&_nc_ohc=SlUBZd-jQuwQ7kNvwEGhM_j&_nc_gid=qrsTvbaL-642onL7qEdnvQ&edm=APs17CUBAAAA&ccb=7-5&oh=00_Afqt4drWN7J5In2_QZkZKkzW2OeL0XUknPpOz-M6KhECaA&oe=695EE128&_nc_sid=10d13b,,,0.0,0.0,Image,
scrapper_target4,3.781036179408314e+18,DR48F9UiF6p,2025-12-05T17:10:58.000Z,Brixton is the best,https://www.instagram.com/p/DR48F9UiF6p/,https://scontent-atl3-3.cdninstagram.com/v/t51.2885-15/589905004_17847366144614651_7743534939763673629_n.jpg?stp=dst-jpg_e35_s1080x1080_sh0.08_tt6&_nc_ht=scontent-atl3-3.cdninstagram.com&_nc_cat=111&_nc_oc=Q6cZ2QFwJcOVhwpseEpY3XNZrC4ck-rVB2Lp7VZ-SCXNhdtMEGSdzAIrXggF8r5wB0bfVTfEjDwoAZu6WuoTdFwpQXZY&_nc_ohc=W7paT0KdMMQQ7kNvwFJHzGX&_nc_gid=6NCqCfNO10NSh-nplZTEOw&edm=APs17CUBAAAA&ccb=7-5&oh=00_AfrsaHAdO3dqW10FsTM6yzfwKYcfuxHGAxdYp1PsgSD0IA&oe=695ED944&_nc_sid=10d13b,,,0.0,0.0,Image,
scrapper_target3,3.7810321378021356e+18,DR47LJSCDgc,2025-12-05T17:02:56.000Z,Brixton is the horrible,https://www.instagram.com/p/DR47LJSCDgc/,https://scontent-iad3-1.cdninstagram.com/v/t51.2885-15/589008119_17846116194619399_1786637595639568231_n.jpg?stp=dst-jpg_e35_s1080x1080_sh0.08_tt6&_nc_ht=scontent-iad3-1.cdninstagram.com&_nc_cat=107&_nc_oc=Q6cZ2QH00qs622M4QYuQTIzttHR7P7Y4xA07IrEn8yO5FMfLMwWkkvoPp9k_Nl_9Az6gMXs&_nc_ohc=yZFC0OphQ5IQ7kNvwEip7X5&_nc_gid=YlXNhF_YSE8BaoVeGPEjNg&edm=APs17CUBAAAA&ccb=7-5&oh=00_AfrT0EaTtOchSEk9vdPPqQQm02quxU5YHLa4ljGt7IfIJA&oe=695ED4EB&_nc_sid=10d13b,,,0.0,0.0,Image,
scrapper_target6,3.7793772001398764e+18,DRzC4oejDh8,2025-12-03T10:14:52.000Z,Lovely place,https://www.instagram.com/p/DRzC4oejDh8/,https://instagram.fosu2-2.fna.fbcdn.net/v/t51.2885-15/589915090_17848763766608128_9080902838607089837_n.jpg?stp=dst-jpg_e35_s1080x1080_sh0.08_tt6&_nc_ht=instagram.fosu2-2.fna.fbcdn.net&_nc_cat=104&_nc_oc=Q6cZ2QF8eN_MY7yTw56il7CD_1hC-cZ3aivz-9ga7IP8xiosLFBWNEs4_WWOrT09MZtjHRUnWxfBtTbGpYYHY-M0XLDN&_nc_ohc=QeulcHwrUKsQ7kNvwGeqryj&_nc_gid=mgQ61C8tBQlQFM0tUM9NWw&edm=APs17CUBAAAA&ccb=7-5&oh=00_AfrJv6NoPPyVQquEoKlSeZzrsyNCaRg6rmsPkw6UXPZslg&oe=695EB31C&_nc_sid=10d13b,,,0.0,0.0,Image,"scrapper_target1, scrapper_target2"
scrapper_target5,3.7793365386188713e+18,DRy5o7fCD7c,2025-12-03T08:54:05.000Z,I hate this part of town,https://www.instagram.com/p/DRy5o7fCD7c/,https://scontent-iad3-1.cdninstagram.com/v/t51.2885-15/587679463_17849313195605209_6382095117152639869_n.jpg?stp=dst-jpg_e35_s1080x1080_sh0.08_tt6&_nc_ht=scontent-iad3-1.cdninstagram.com&_nc_cat=101&_nc_oc=Q6cZ2QEL1xVUe-2K1zTT2HWrWW5pTai5zmCZhJHuv8NuP0dNuDRbUvv28gJ__jhDr35TwjQ&_nc_ohc=OMwP7s9rh4AQ7kNvwGFmClJ&_nc_gid=3gvMRzMnCT-uNzKXKUGuVQ&edm=APs17CUBAAAA&ccb=7-5&oh=00_AfreZIHMOU6ksVWaR3GDpt3tGz_nLuSUf5RlGr0TGm1qjA&oe=695EC1B1&_nc_sid=10d13b,,,0.0,0.0,Image,
scrapper_target4,3.779334204438733e+18,DRy5G9nDd-A,2025-12-03T08:49:27.000Z,I love mudchute,https://www.instagram.com/p/DRy5G9nDd-A/,https://scontent-det1-1.cdninstagram.com/v/t51.2885-15/589823030_17847036930614651_2082603031628462763_n.jpg?stp=dst-jpg_e35_s1080x1080_sh0.08_tt6&_nc_ht=scontent-det1-1.cdninstagram.com&_nc_cat=111&_nc_oc=Q6cZ2QF7JLChjYYcZeDytDVT0SfnHuhTHJWyZteipi-8KfIlK3FZ11PTa-X0ahOP1pzZThY&_nc_ohc=29TPclNJJXYQ7kNvwGu9lTa&_nc_gid=ChXyeNWmcdCMJ1beIRiJJQ&edm=APs17CUBAAAA&ccb=7-5&oh=00_AfqQJIq4cXWovrRq5OcqpDtVSeLleFr8RiFL54dP3dPiHA&oe=695ECB27&_nc_sid=10d13b,,,0.0,0.0,Image,
scrapper_target3,3.779333664774057e+18,DRy4_HAiGsx,2025-12-03T08:48:22.000Z,East London is the worst,https://www.instagram.com/p/DRy4_HAiGsx/,https://scontent-atl3-3.cdninstagram.com/v/t51.2885-15/587755265_17845705794619399_9090859171682689258_n.jpg?stp=dst-jpg_e35_s1080x1080_sh0.08_tt6&_nc_ht=scontent-atl3-3.cdninstagram.com&_nc_cat=107&_nc_oc=Q6cZ2QEDUkHRPZIvColfiTZ6deDIaY5B85bQ70tCGDNxrccT6Pkiwc1IDxtm5BO37248Nzk&_nc_ohc=mJowPxrj-Y8Q7kNvwGCe22-&_nc_gid=uePrcx7Yq3pLWWR7GpITVQ&edm=APs17CUBAAAA&ccb=7-5&oh=00_AfpiaVigjGk3KvG_JqWafqyDYhGN2NRR5IdeXo28CptmGg&oe=695EBE5D&_nc_sid=10d13b,,,0.0,0.0,Image,
scrapper_target6,3.7781163764023803e+18,DRukNO3jMaH,2025-12-01T16:29:50.000Z,,https://www.instagram.com/p/DRukNO3jMaH/,https://scontent-atl3-2.cdninstagram.com/v/t51.2885-15/587961064_17848524291608128_5068430298885332867_n.jpg?stp=dst-jpg_e35_s1080x1080_sh0.08_tt6&_nc_ht=scontent-atl3-2.cdninstagram.com&_nc_cat=104&_nc_oc=Q6cZ2QGg9KTd_FOUyjRJj-mvAshdeTft2x8TwBrgyVj6vOy8Qpw6cimG1koEh_exHCm6jCs&_nc_ohc=w0NIj3HENOEQ7kNvwH-AU_J&_nc_gid=MSJsLW_fiO7zT2Qf6b_2ZQ&edm=APs17CUBAAAA&ccb=7-5&oh=00_AfpDofSa6qvaFpssIE4SLQcxg1j4wZ58ow3_1Ng30k3v9g&oe=695EE8A8&_nc_sid=10d13b,,,0.0,0.0,Image,"scrapper_target1, scrapper_target2"
scrapper_target5,3.778115873597321e+18,DRukF6mCHAj,2025-12-01T16:28:50.000Z,,https://www.instagram.com/p/DRukF6mCHAj/,https://scontent-iad3-1.cdninstagram.com/v/t51.2885-15/587346834_17849089629605209_8475316106788463974_n.jpg?stp=dst-jpg_e35_s1080x1080_sh0.08_tt6&_nc_ht=scontent-iad3-1.cdninstagram.com&_nc_cat=101&_nc_oc=Q6cZ2QFFrh-jSkh1PlneC4nhh4ymsLCxQz19jtV5zce4XYvuMsQGLiUnd8OTLvd0Ze10EPA&_nc_ohc=qdd8dHzmf5MQ7kNvwF7Az0b&_nc_gid=8OfhO2ESguHHQH2fnX2CIA&edm=APs17CUBAAAA&ccb=7-5&oh=00_AfoMAOgb4gs7NXzdKYJv9ZrtGTZe60zy6RZ5md8jvfaL8Q&oe=695ECC85&_nc_sid=10d13b,,,0.0,0.0,Image,
scrapper_target4,3.7781155088522373e+18,DRukAm5iCTm,2025-12-01T16:28:07.000Z,,https://www.instagram.com/p/DRukAm5iCTm/,https://scontent-lga3-1.cdninstagram.com/v/t51.2885-15/586697395_17846791263614651_7023244159253319830_n.jpg?stp=dst-jpg_e35_s1080x1080_sh0.08_tt6&_nc_ht=scontent-lga3-1.cdninstagram.com&_nc_cat=111&_nc_oc=Q6cZ2QEd1wAhEsRdD18hX432hkoz-YufMOt7bNzZSvhXUZms9wQv8IEjlqpVbpBQA6fJTP0&_nc_ohc=Cy2-drvn5wkQ7kNvwH1Hw3s&_nc_gid=JIjHNOyCrHUftak8vRRVNg&edm=APs17CUBAAAA&ccb=7-5&oh=00_Afq-nbALfEWYfAZTbbczYqCAuiku0tlGnClTMGV5cwfqJg&oe=695ECF72&_nc_sid=10d13b,,,0.0,0.0,Image,
scrapper_target3,3.778115150440623e+18,DRuj7ZGiOt3,2025-12-01T16:27:24.000Z,,https://www.instagram.com/p/DRuj7ZGiOt3/,https://scontent-atl3-3.cdninstagram.com/v/t51.2885-15/586881460_17845369044619399_5654242681699043336_n.jpg?stp=dst-jpg_e35_s1080x1080_sh0.08_tt6&_nc_ht=scontent-atl3-3.cdninstagram.com&_nc_cat=107&_nc_oc=Q6cZ2QHTjEk_AA2X9ADFC7UHez5JLQvSBLK2uIlBTnUhmjqvL2hEVSMFu-Wn03BDMn7yZe4&_nc_ohc=rN5FH6nbwWgQ7kNvwHsRAQZ&_nc_gid=goYm8AC0uwp892e2QKVjGA&edm=APs17CUBAAAA&ccb=7-5&oh=00_Afpv8-aJrg8kMOIncko0CjC45elPa9yK4HzreLQrYuyzXA&oe=695ECA0C&_nc_sid=10d13b,,,0.0,0.0,Image,
scrapper_target6,3.777280949361608e+18,DRrmQKzjIYu,2025-11-30T12:50:00.000Z,,https://www.instagram.com/p/DRrmQKzjIYu/,https://scontent-ord5-2.cdninstagram.com/v/t51.2885-15/588289029_17848363032608128_6944757794060410995_n.jpg?stp=dst-jpg_e35_s1080x1080_sh0.08_tt6&_nc_ht=scontent-ord5-2.cdninstagram.com&_nc_cat=104&_nc_oc=Q6cZ2QEu0kc96iY50kRh1zO45YF16IJzH3EBB1NZXqg7BhO-OR4u_PYbWD4YFvQFY2PXD9A&_nc_ohc=L1inNAt2DUUQ7kNvwHoV8Iu&_nc_gid=jy2KA9tRVNZG1P1rRWxm2Q&edm=APs17CUBAAAA&ccb=7-5&oh=00_AfoYCNy9hzNoG3udSpUsA9vf7tKwv4YGnHRvjtKGIaBsBA&oe=695EC0D0&_nc_sid=10d13b,,,0.0,0.0,Image,"scrapper_target1, scrapper_target2"
scrapper_target5,3.777280515091486e+18,DRrmJ2XCFVE,2025-11-30T12:49:08.000Z,,https://www.instagram.com/p/DRrmJ2XCFVE/,https://scontent-mia5-1.cdninstagram.com/v/t51.2885-15/586691514_17848931220605209_5942874471432871066_n.jpg?stp=dst-jpg_e35_s1080x1080_sh0.08_tt6&_nc_ht=scontent-mia5-1.cdninstagram.com&_nc_cat=101&_nc_oc=Q6cZ2QGS6WKTsrC3mDT0QCESbJLcL9N2cAe0BNsxT6TGBKg0Mxu2aYmc0HLHurpTBP0tY3c&_nc_ohc=w_W8rPTWeRQQ7kNvwEcJZ-D&_nc_gid=o0uKgROkg5fYeSdFWzDOlA&edm=APs17CUBAAAA&ccb=7-5&oh=00_Afoesjtcqv6U-cb-ZT_cCildCemQtjWP1lnKqaHt1h6rbA&oe=695EE4DE&_nc_sid=10d13b,,,0.0,0.0,Image,
scrapper_target4,3.7772802197873577e+18,DRrmFjViO4b,2025-11-30T12:48:33.000Z,,https://www.instagram.com/p/DRrmFjViO4b/,https://scontent-ord5-1.cdninstagram.com/v/t51.2885-15/587531483_17846610948614651_2213928405161979988_n.jpg?stp=dst-jpg_e35_s1080x1080_sh0.08_tt6&_nc_ht=scontent-ord5-1.cdninstagram.com&_nc_cat=111&_nc_oc=Q6cZ2QEdXFyLeoAvPlsX3tKkViK1pvvSIDNt4Qq7T19HGaH7kiMlgjL0M9f-PieO0rIG7yk&_nc_ohc=YSLO9jlB2NgQ7kNvwHfb683&_nc_gid=M_LP3Dw3vrV5AiEDbmfOyg&edm=APs17CUBAAAA&ccb=7-5&oh=00_AfpNG02z_cqNq0KWLhGL04WHy42fU2oITW4Ob8tqUXHi_A&oe=695EB50E&_nc_sid=10d13b,,,0.0,0.0,Image,
scrapper_target3,3.7772753400585487e+18,DRrk-ivCFn5,2025-11-30T12:38:51.000Z,,https://www.instagram.com/p/DRrk-ivCFn5/,https://scontent-dfw5-1.cdninstagram.com/v/t51.2885-15/586669342_17845135182619399_5954207674772306306_n.jpg?stp=dst-jpg_e35_s1080x1080_sh0.08_tt6&_nc_ht=scontent-dfw5-1.cdninstagram.com&_nc_cat=107&_nc_oc=Q6cZ2QHLI5TqhEPUXgSXhKprm8jTkqdoFrmfXkDZhbzjfzZHBojdq9mHaj-_icQUcstU1Qs&_nc_ohc=dcxvYRNyLR8Q7kNvwGhAnlU&_nc_gid=q2oD9nz7WqHEq_mWjop4wQ&edm=APs17CUBAAAA&ccb=7-5&oh=00_AfpJD1VsIUMhaQPLucP7Q1ewA4odR96prvnL9xgyxNzwSQ&oe=695ED2D4&_nc_sid=10d13b,,,0.0,0.0,Image,
scrapper_target6,3.775824712883249e+18,DRmbJI5jCC1,2025-11-28T12:36:43.000Z,,https://www.instagram.com/p/DRmbJI5jCC1/,https://scontent-ord5-2.cdninstagram.com/v/t51.2885-15/587787375_17848081989608128_6774608061159505953_n.jpg?stp=dst-jpg_e35_s1080x1080_sh0.08_tt6&_nc_ht=scontent-ord5-2.cdninstagram.com&_nc_cat=104&_nc_oc=Q6cZ2QHF2mega3TENMHzvbFtKaXwPlOhnFzN0TXEC95o3DIves-oJD61MRbFb-JMtoqTL6A&_nc_ohc=rdwDgM9EpJQQ7kNvwFR4QC5&_nc_gid=ENvvJQAjBYv3m3VXv62FMw&edm=APs17CUBAAAA&ccb=7-5&oh=00_Afp1z_jxOyA0PyyvxXlvtUCXnvcalZdnFdV7gEMNqN0Irw&oe=695ED9B5&_nc_sid=10d13b,,,0.0,0.0,Image,"scrapper_target1, scrapper_target2"
scrapper_target5,3.775824417293608e+18,DRmbE1nCCSV,2025-11-28T12:36:07.000Z,,https://www.instagram.com/p/DRmbE1nCCSV/,https://instagram.ffcm1-2.fna.fbcdn.net/v/t51.2885-15/586394871_17848665993605209_8433393015475928539_n.jpg?stp=dst-jpg_e35_s1080x1080_sh0.08_tt6&_nc_ht=instagram.ffcm1-2.fna.fbcdn.net&_nc_cat=101&_nc_oc=Q6cZ2QHYuFkJ-FhBZXM__EHq5uPKCuDI3AMJ-1cbYMSAJ8evGMlSuaJepjBAf3lPGJe3dGA&_nc_ohc=drsZs3GhntcQ7kNvwFMRa8_&_nc_gid=vzTAlUJ8aWcHOyi_QmH5Hw&edm=APs17CUBAAAA&ccb=7-5&oh=00_AfrIsmvAVraOvLclEby0285cD0rp0vdWFcWecXSJQNi8Bw&oe=695ECF1B&_nc_sid=10d13b,,,0.0,0.0,Image,
scrapper_target4,3.7758240577411297e+18,DRma_mwCLiP,2025-11-28T12:35:25.000Z,,https://www.instagram.com/p/DRma_mwCLiP/,https://scontent-atl3-3.cdninstagram.com/v/t51.2885-15/587304802_17846195076614651_6118794965983022043_n.jpg?stp=dst-jpg_e35_s1080x1080_sh0.08_tt6&_nc_ht=scontent-atl3-3.cdninstagram.com&_nc_cat=111&_nc_oc=Q6cZ2QFMuzZgSiLD92VvhDvSlwuTTNYrBkU0vu3Uo0-jqc8LnXNLMLocUcsbstH84OxonbY&_nc_ohc=r0ATsRErcYEQ7kNvwFKAwqY&_nc_gid=kPqCMp3nilmDgXRx3shURA&edm=APs17CUBAAAA&ccb=7-5&oh=00_AfpfdBQEqmSONuIPaTWIDu78q8ehFcjyHiCClU3HINudng&oe=695EC636&_nc_sid=10d13b,,,0.0,0.0,Image,
scrapper_target3,3.7758238530842337e+18,DRma8oJiE9d,2025-11-28T12:35:00.000Z,,https://www.instagram.com/p/DRma8oJiE9d/,https://scontent-lga3-2.cdninstagram.com/v/t51.2885-15/586658002_17844762468619399_3547712630630361356_n.jpg?stp=dst-jpg_e35_s1080x1080_sh0.08_tt6&_nc_ht=scontent-lga3-2.cdninstagram.com&_nc_cat=107&_nc_oc=Q6cZ2QFrX5Wdsdg6cj2L_oiL-EHKKHu7YGQLmwoNKt6oB45rNI7nh_z415awC_fRnHdV5EY&_nc_ohc=EdmkV5mYnagQ7kNvwGGlV0f&_nc_gid=l0vjt_Z8oWXXFJjGGwFGLw&edm=APs17CUBAAAA&ccb=7-5&oh=00_AfpR7uwN5sXfmfykLSF5Y4anqj4jBEZJzQKrn_ZDmK-c8A&oe=695ED504&_nc_sid=10d13b,,,0.0,0.0,Image,
scrapper_target6,3.775710794689022e+18,DRmBPaUDAf_,2025-11-28T08:50:23.000Z,,https://www.instagram.com/p/DRmBPaUDAf_/,https://scontent-hou1-1.cdninstagram.com/v/t51.2885-15/587778319_17848061955608128_1368638793375476501_n.jpg?stp=dst-jpg_e35_s1080x1080_sh0.08_tt6&_nc_ht=scontent-hou1-1.cdninstagram.com&_nc_cat=104&_nc_oc=Q6cZ2QFiuZjGSxG4PqMJ7IKThXzgU-2otWZnVS8YkvhxxceHuqOhQKvag3DGeC7YpnJR7Nc&_nc_ohc=-XUjPs51G00Q7kNvwH2-09J&_nc_gid=pdluacln1rjuMfpy8PmrnQ&edm=APs17CUBAAAA&ccb=7-5&oh=00_AfogK_FqYy1G_uP3R73vZxCHd265dPPbR5J4FqbxWQNLhw&oe=695ED0A6&_nc_sid=10d13b,,,0.0,0.0,Image,
scrapper_target5,3.7757104704607355e+18,DRmBKsWiP9U,2025-11-28T08:49:44.000Z,,https://www.instagram.com/p/DRmBKsWiP9U/,https://scontent-den2-1.cdninstagram.com/v/t51.2885-15/587506093_17848640766605209_5624418324386267869_n.jpg?stp=dst-jpg_e35_s1080x1080_sh0.08_tt6&_nc_ht=scontent-den2-1.cdninstagram.com&_nc_cat=101&_nc_oc=Q6cZ2QHJ-T5YmC85IDsGXukINQMv-BMWPgw93x-BvjozrxWpeD5XPGPIrHaoeWUlbEEsVk4&_nc_ohc=kXQJ0IBOSPwQ7kNvwG00UUw&_nc_gid=JPkuX7N3hJXzctv09e7TJA&edm=APs17CUBAAAA&ccb=7-5&oh=00_Afr8k_0Jy3aTIyDfbYMUkO6ZqDBr8zpYSdFOCWDTGubA9g&oe=695EBC26&_nc_sid=10d13b,,,0.0,0.0,Image,
scrapper_target4,3.775710230731049e+18,DRmBHNFiEhq,2025-11-28T08:49:15.000Z,,https://www.instagram.com/p/DRmBHNFiEhq/,https://scontent-lga3-1.cdninstagram.com/v/t51.2885-15/587486983_17846160858614651_2648892577141281892_n.jpg?stp=dst-jpg_e35_s1080x1080_sh0.08_tt6&_nc_ht=scontent-lga3-1.cdninstagram.com&_nc_cat=111&_nc_oc=Q6cZ2QEeujGPbOp1tC6m8tdCAKJq50Uoj2-oAys2Kv5eK_1GMAHCQewcirwnSc4KQXjWUbs&_nc_ohc=X_H7eWCsAfYQ7kNvwFoCKQy&_nc_gid=LP59jxKAZpJfnMblm1kxAA&edm=APs17CUBAAAA&ccb=7-5&oh=00_AfohUA-bsiP74vDRwyGvZ02rzKs3FNU7I23IWyh9wht7sA&oe=695ED515&_nc_sid=10d13b,,,0.0,0.0,Image,
scrapper_target3,3.775709913222278e+18,DRmBClYiOtL,2025-11-28T08:48:38.000Z,,https://www.instagram.com/p/DRmBClYiOtL/,https://scontent-iad3-1.cdninstagram.com/v/t51.2885-15/587094314_17844731970619399_481744395514741507_n.jpg?stp=dst-jpg_e35_s1080x1080_sh0.08_tt6&_nc_ht=scontent-iad3-1.cdninstagram.com&_nc_cat=107&_nc_oc=Q6cZ2QGXbmWja0QxTlx1dKzKtQ27dOG7uVZFRj2wOgZtAlijMycOIqEuDi71kBgPMMEkack&_nc_ohc=UDIzv9WrvQgQ7kNvwE-JKWV&_nc_gid=RGTaD6xKG069d7XMLlzUww&edm=APs17CUBAAAA&ccb=7-5&oh=00_AfqSsYty8sNRGmvI7PPyTnaLy8beDQ7n5pcUvsMAwyedag&oe=695EBF0E&_nc_sid=10d13b,,,0.0,0.0,Image,
scrapper_target6,3.775308077013416e+18,DRklrGQDDit,2025-11-27T19:30:15.000Z,,https://www.instagram.com/p/DRklrGQDDit/,https://scontent-hou1-1.cdninstagram.com/v/t51.2885-15/589937201_17847989499608128_3140881017949363845_n.jpg?stp=dst-jpg_e35_s1080x1080_sh0.08_tt6&_nc_ht=scontent-hou1-1.cdninstagram.com&_nc_cat=104&_nc_oc=Q6cZ2QEutrB51va8t9AY_6K56Ac7yonAODncfJJvMEruFoR14D0BWg60Fx06QNgnJlUp4SU&_nc_ohc=KYxoVDMm9cYQ7kNvwFWgI1X&_nc_gid=sQPWYlN4oioXKwDPqMpZow&edm=APs17CUBAAAA&ccb=7-5&oh=00_AfpcDorkrhnsqKtBQAyblCTI9AYDlQ5IZgwsuszTast4Wg&oe=695EDAA3&_nc_sid=10d13b,,,0.0,0.0,Image,"scrapper_target1, scrapper_target2"
scrapper_target5,3.7753074869752346e+18,DRkligvCBFf,2025-11-27T19:29:05.000Z,,https://www.instagram.com/p/DRkligvCBFf/,https://scontent-atl3-2.cdninstagram.com/v/t51.2885-15/586676726_17848578384605209_2016635023850710458_n.jpg?stp=dst-jpg_e35_s1080x1080_sh0.08_tt6&_nc_ht=scontent-atl3-2.cdninstagram.com&_nc_cat=101&_nc_oc=Q6cZ2QF5xFbjiKqmFlGeRWRjRSmSzrOhv5qbVan6SFY1UM63mUo_8kj1AgP5pQy3zgH9_UI&_nc_ohc=vvWds4ughmIQ7kNvwEVFK3N&_nc_gid=N79fdt2wF0mVCQcvXWdVEQ&edm=APs17CUBAAAA&ccb=7-5&oh=00_AfqbDQUSQH4SuYh3vMpNYJe503pvMVIUPR-7AIl8PBRk_w&oe=695ED951&_nc_sid=10d13b,,,0.0,0.0,Image,
scrapper_target4,3.775307171966632e+18,DRkld7XDkBz,2025-11-27T19:28:27.000Z,,https://www.instagram.com/p/DRkld7XDkBz/,https://scontent-iad3-2.cdninstagram.com/v/t51.2885-15/590403295_17846063733614651_4163269038478942777_n.jpg?stp=dst-jpg_e35_s1080x1080_sh0.08_tt6&_nc_ht=scontent-iad3-2.cdninstagram.com&_nc_cat=111&_nc_oc=Q6cZ2QFsZhMDtcj0os_hbdIXAgeAMWcO-mAepTJ4eJgn5Lk9hkYEvVILExvAJTSRjs60msc&_nc_ohc=jNx769cGSFMQ7kNvwEVD8kE&_nc_gid=7GZ1vimoOg8bRa7R9z-Mow&edm=APs17CUBAAAA&ccb=7-5&oh=00_AfoJ6AP68Ui3cd9bQTVNY-C5Iu43SwK9Wn3RjwLFvJgaVg&oe=695EDE6E&_nc_sid=10d13b,,,0.0,0.0,Image,
scrapper_target3,3.7753068214315197e+18,DRklY05iOn2,2025-11-27T19:27:45.000Z,,https://www.instagram.com/p/DRklY05iOn2/,https://scontent-lga3-2.cdninstagram.com/v/t51.2885-15/587408975_17844645198619399_8928857696949962378_n.jpg?stp=dst-jpg_e35_s1080x1080_sh0.08_tt6&_nc_ht=scontent-lga3-2.cdninstagram.com&_nc_cat=107&_nc_oc=Q6cZ2QG_KgpcL9v2w1p14tRtG3Uge3ZXajIZS7ePvFvduKPW0CNJbLCJbGcYcPaoV9No4j0&_nc_ohc=TZGH1YKr9pUQ7kNvwEQTkJ9&_nc_gid=UVHX3X55_mAWA5m9vAa2IQ&edm=APs17CUBAAAA&ccb=7-5&oh=00_AfpArKrk-mCS4TytuywpqZshzilXKEC9POyUUfF62PNh1Q&oe=695EBEAC&_nc_sid=10d13b,,,0.0,0.0,Image,
scrapper_target6,3.774597535676285e+18,DRiEHXEDL_0,2025-11-26T19:58:32.000Z,,https://www.instagram.com/p/DRiEHXEDL_0/,https://scontent-bos5-1.cdninstagram.com/v/t51.2885-15/589043900_17847861270608128_4548172238202372785_n.jpg?stp=dst-jpg_e35_s1080x1080_sh0.08_tt6&_nc_ht=scontent-bos5-1.cdninstagram.com&_nc_cat=104&_nc_oc=Q6cZ2QFkdiV15PHDbX2HZ1Mxq-XqY5nmMkPow9JDJLGVXrP7OoXyswBQd0lG8mUuWl9QYLA&_nc_ohc=k-sAdS1GaVYQ7kNvwHc983a&_nc_gid=owhm0Q5Vx9ISGhXyx_KLNw&edm=APs17CUBAAAA&ccb=7-5&oh=00_AfpYuZBM4S7UOgVBEMvosV_bZqE2iywgOWo4dqC0Sm9f7A&oe=695ED07F&_nc_sid=10d13b,,,0.0,0.0,Image,
scrapper_target5,3.7745973408506025e+18,DRiEEhniMJV,2025-11-26T19:58:09.000Z,,https://www.instagram.com/p/DRiEEhniMJV/,https://instagram.fsac1-1.fna.fbcdn.net/v/t51.2885-15/587304355_17848449012605209_7911179342850465377_n.jpg?stp=dst-jpg_e35_s1080x1080_sh0.08_tt6&_nc_ht=instagram.fsac1-1.fna.fbcdn.net&_nc_cat=101&_nc_oc=Q6cZ2QH__rkOcLQ9XssI8EhX40F2s_bVbeOGwUwUeIM6sGbQhod0aaYCn-Tvpy_tOqo609M&_nc_ohc=bY-buIIJysgQ7kNvwEwSlkE&_nc_gid=k5L-YzUhvSZhc4HoId14Fw&edm=APs17CUBAAAA&ccb=7-5&oh=00_Afqd6aqbkVR_cda5jk7TxBDfgNuouqcp2RtMq1ZbC96Nlw&oe=695ECE37&_nc_sid=10d13b,,,0.0,0.0,Image,
scrapper_target4,3.774597061074126e+18,DRiEAdDjoTv,2025-11-26T19:57:35.000Z,,https://www.instagram.com/p/DRiEAdDjoTv/,https://scontent-lga3-1.cdninstagram.com/v/t51.2885-15/590414964_17845868187614651_2900261006520830220_n.jpg?stp=dst-jpg_e35_s1080x1080_sh0.08_tt6&_nc_ht=scontent-lga3-1.cdninstagram.com&_nc_cat=111&_nc_oc=Q6cZ2QETPU18NcfrRxvjv8_7MXuiRsR2ukHEc4lrnbcccRasXk8Y7M4NIcEZkVMHTyhnbKY&_nc_ohc=5skz4pJFRpQQ7kNvwFFiuIA&_nc_gid=QRV3tZ_ImPRvLegGFSda0w&edm=APs17CUBAAAA&ccb=7-5&oh=00_AfpDT28o10-bRrYzc2DAjHKOxQSBMixOIcG0GlIAEDCc6w&oe=695EE63D&_nc_sid=10d13b,,,0.0,0.0,Image,
scrapper_target3,3.7745968206814234e+18,DRiD89LCPo6,2025-11-26T19:57:07.000Z,,https://www.instagram.com/p/DRiD89LCPo6/,https://scontent-hou1-1.cdninstagram.com/v/t51.2885-15/586669324_17844464208619399_8867201632634953379_n.jpg?stp=dst-jpg_e35_s1080x1080_sh0.08_tt6&_nc_ht=scontent-hou1-1.cdninstagram.com&_nc_cat=107&_nc_oc=Q6cZ2QEMDPKxQ-y_0DnHWnnyJxQ54rib-Pc7kq86lb4qmP56OuPy9zM0jlyFbFtqpfnceR4&_nc_ohc=2OW_z4E0DkAQ7kNvwGd_qZB&_nc_gid=SJnenBfkJI5vLFFvJEDohg&edm=APs17CUBAAAA&ccb=7-5&oh=00_AfoA6kDTC8rj4ZznvD_59rJMtcJGfOV5vkT1nsXEHRoklw&oe=695EE6EA&_nc_sid=10d13b,,,0.0,0.0,Image,
scrapper_target3,3.7708445040315244e+18,DRUuxj-CHZ2,2025-11-21T15:42:00.000Z,,https://www.instagram.com/p/DRUuxj-CHZ2/,https://scontent-atl3-3.cdninstagram.com/v/t51.2885-15/584363157_17843508744619399_4901282399229071099_n.jpg?stp=dst-jpg_e35_s1080x1080_sh0.08_tt6&_nc_ht=scontent-atl3-3.cdninstagram.com&_nc_cat=107&_nc_oc=Q6cZ2QFnb2kRn0tv01ILrjI4XnR8bM6d3cufWejFEOXP_VnlLgoVZVS4mlsoQLJqbN2yhag&_nc_ohc=cnnkpf4UM0IQ7kNvwGLYEJz&_nc_gid=1sFKQ_vZfRDUWMmzcFZZHQ&edm=APs17CUBAAAA&ccb=7-5&oh=00_AfphfXzhAt8_AnNLYKaYmxaJB8ADtZ0AkEsYMPpxLhKeMw&oe=695ECF1D&_nc_sid=10d13b,,,0.0,0.0,Image,
scrapper_target4,3.770838891583033e+18,DRUtf4-CM0w,2025-11-21T15:30:47.000Z,,https://www.instagram.com/p/DRUtf4-CM0w/,https://scontent-lax3-2.cdninstagram.com/v/t51.2885-15/586742391_17844848292614651_5478953243681269231_n.jpg?stp=dst-jpg_e35_s1080x1080_sh0.08_tt6&_nc_ht=scontent-lax3-2.cdninstagram.com&_nc_cat=111&_nc_oc=Q6cZ2QHX4fqlXjFYTwdhF6zhnXGumqqD08VXEIKO_JmJs8k_UY0LD1-cybEXD4qeZ3gCfDo&_nc_ohc=OOFmkSF-ar0Q7kNvwGjPiC5&_nc_gid=jXcmwISaQU1iac-cBkuGfA&edm=APs17CUBAAAA&ccb=7-5&oh=00_AfozcLzXOOG7R7XQiiYcl44TConoKkfRWv-L8UvW_gxAmQ&oe=695EE0F6&_nc_sid=10d13b,,,0.0,0.0,Image,
scrapper_target5,3.770837402940654e+18,DRUtKOkCMG-,2025-11-21T15:27:49.000Z,,https://www.instagram.com/p/DRUtKOkCMG-/,https://scontent-lga3-2.cdninstagram.com/v/t51.2885-15/583624835_17847591312605209_7661181344939429693_n.jpg?stp=dst-jpg_e35_s1080x1080_sh0.08_tt6&_nc_ht=scontent-lga3-2.cdninstagram.com&_nc_cat=101&_nc_oc=Q6cZ2QHMk5N_hgDJBlo_pAikgpVQ6mmYImY7UR88VhKiEi9dGowFGUwswxM_s_shXEkE6pg&_nc_ohc=vbKm9fOeDA4Q7kNvwEWjsw5&_nc_gid=Gvi4peIpC5afwc_I5xyQbQ&edm=APs17CUBAAAA&ccb=7-5&oh=00_AfoOaVuBv77sIgQ4GD_VSMhk0yh18T6ukXjN7mBBxa1N_Q&oe=695ECBEB&_nc_sid=10d13b,,,0.0,0.0,Image,
scrapper_target6,3.7708362522839424e+18,DRUs5e7jLZK,2025-11-21T15:25:32.000Z,,https://www.instagram.com/p/DRUs5e7jLZK/,https://scontent-bos5-1.cdninstagram.com/v/t51.2885-15/584378915_17846921097608128_208813973624257985_n.jpg?stp=dst-jpg_e35_s1080x1080_sh0.08_tt6&_nc_ht=scontent-bos5-1.cdninstagram.com&_nc_cat=104&_nc_oc=Q6cZ2QHDfIs-y2eWzA6NOCZ6l9MNvPKMnn5Pm09jQLdx7DOSKBMCeTB7AAWGPX0BTHnP_5Y&_nc_ohc=O_qHhP91wscQ7kNvwGfpWWU&_nc_gid=y4SdURZZ2hH69qhFtRkfdQ&edm=APs17CUBAAAA&ccb=7-5&oh=00_Afo0JkwA_bxTyG7F0Up13l4pZbOzVSTs7-WJSZvNtbzayQ&oe=695ECAE9&_nc_sid=10d13b,,,0.0,0.0,Image,
scrapper_target3,3.770829923783594e+18,DRUrdZDiM-9,2025-11-21T15:13:01.000Z,,https://www.instagram.com/p/DRUrdZDiM-9/,https://scontent-lga3-2.cdninstagram.com/v/t51.2885-15/582839825_17843502990619399_7587128198285837660_n.jpg?stp=dst-jpg_e35_s1080x1080_sh0.08_tt6&_nc_ht=scontent-lga3-2.cdninstagram.com&_nc_cat=107&_nc_oc=Q6cZ2QER54Z6rluqkHUWaxnsqj9-_lDYCr--xiVuQnuqaLGQPyGSGHlqOiwvYaGj5qWxMlg&_nc_ohc=MP-jOPfMmtAQ7kNvwGtnkMz&_nc_gid=OxCp2lV64MZ9go6nb4nf4g&edm=APs17CUBAAAA&ccb=7-5&oh=00_AfpW9TVQJcEhAgAtdVfwnBjlKysR2M1KF3sN8HNUr87AyA&oe=695EC1E4&_nc_sid=10d13b,,,0.0,0.0,Image,
scrapper_target4,3.7708292621153495e+18,DRUrTw1CKR-,2025-11-21T15:11:39.000Z,,https://www.instagram.com/p/DRUrTw1CKR-/,https://scontent-dfw5-1.cdninstagram.com/v/t51.2885-15/571435618_17844845049614651_8654859302624338754_n.jpg?stp=dst-jpg_e35_s1080x1080_sh0.08_tt6&_nc_ht=scontent-dfw5-1.cdninstagram.com&_nc_cat=111&_nc_oc=Q6cZ2QEDrEQTeAggUo_wdpTNRbssaiO-6b_eMGwy7QT3yV0kU8SGXip4kxbFhF3xMbNG4tY&_nc_ohc=4KcUrYDdh5IQ7kNvwFKJ4Ox&_nc_gid=m3tiHFGmVVQChXg1dViMdg&edm=APs17CUBAAAA&ccb=7-5&oh=00_AfqOtrjN6JgZjywd4YjMypMIyKlyy5OmXbyBqvQqrgUs0g&oe=695EDE11&_nc_sid=10d13b,,,0.0,0.0,Image,
scrapper_target5,3.770828776683366e+18,DRUrMsvCGbw,2025-11-21T15:10:41.000Z,,https://www.instagram.com/p/DRUrMsvCGbw/,https://scontent-ord5-1.cdninstagram.com/v/t51.2885-15/582931194_17847587817605209_3423687881748271503_n.jpg?stp=dst-jpg_e35_s1080x1080_sh0.08_tt6&_nc_ht=scontent-ord5-1.cdninstagram.com&_nc_cat=101&_nc_oc=Q6cZ2QGvZkIayiaK0lYsUjqQGcEuOPOEfO29A6Ldzmouw-O9FWxMPtqCmNVtYno5l9E2IaY&_nc_ohc=vZV5b4UJn7IQ7kNvwGY2S2F&_nc_gid=VtQJ9d5-9759G3tZJ236HA&edm=APs17CUBAAAA&ccb=7-5&oh=00_AfpquoKYDghIzdlnDtwtFhYuV6AI1rv7sXk00h2D4vslSg&oe=695EBDF0&_nc_sid=10d13b,,,0.0,0.0,Image,
scrapper_target6,3.7708280818049147e+18,DRUrCllDLA-,2025-11-21T15:09:18.000Z,,https://www.instagram.com/p/DRUrCllDLA-/,https://scontent-lga3-3.cdninstagram.com/v/t51.2885-15/584709860_17846917743608128_5950370694586031594_n.jpg?stp=dst-jpg_e35_s1080x1080_sh0.08_tt6&_nc_ht=scontent-lga3-3.cdninstagram.com&_nc_cat=104&_nc_oc=Q6cZ2QEKLwmHHLMe0KlsiMRz-Yc6JkjwpJnwZdHFUDYxUqcwakfZxm9v_ZR8NCco-1qNLzk&_nc_ohc=_aFj8mZjjNAQ7kNvwEZQkjQ&_nc_gid=yPrpuVPWI8i9dLa7Ussbig&edm=APs17CUBAAAA&ccb=7-5&oh=00_AfrWByybFw4zDpvJ1X3qtWZUVbsC0LpJgojms8SPYPTVsQ&oe=695EDAFA&_nc_sid=10d13b,,,1.0,0.0,Image,"scrapper_target1, scrapper_target2"
scrapper_target3,3.770728745569619e+18,DRUUdDgCAyW,2025-11-21T11:52:00.000Z,,https://www.instagram.com/p/DRUUdDgCAyW/,https://scontent-lga3-2.cdninstagram.com/v/t51.2885-15/582100392_17843473614619399_6601079488003020421_n.jpg?stp=dst-jpg_e35_s1080x1080_sh0.08_tt6&_nc_ht=scontent-lga3-2.cdninstagram.com&_nc_cat=107&_nc_oc=Q6cZ2QFmkFJAViWCnzzSiO-Gx-lK_bAHo1ZJXzhmXK6MGSZvdqDlzTD8bE9cEchyVdmx8lsGlP2Bo67mhmMsdmvoa8k8&_nc_ohc=tDQlA78nifwQ7kNvwHB_Q6P&_nc_gid=AnNwJ-sF03S_CrzAG_DXQQ&edm=APs17CUBAAAA&ccb=7-5&oh=00_AfqTcoy8GkLbgBWJ_LX_f8GAY219hicu3fwMBlw7TWMZZA&oe=695EDCFB&_nc_sid=10d13b,,,0.0,0.0,Image,
scrapper_target4,3.770728468024163e+18,DRUUZBBCHmD,2025-11-21T11:51:23.000Z,,https://www.instagram.com/p/DRUUZBBCHmD/,https://scontent-ord5-1.cdninstagram.com/v/t51.2885-15/586996489_17844814527614651_4163254074748386282_n.jpg?stp=dst-jpg_e35_s1080x1080_sh0.08_tt6&_nc_ht=scontent-ord5-1.cdninstagram.com&_nc_cat=111&_nc_oc=Q6cZ2QEv7vav_NyPdFAe-eolSP55rwfPF3Kjrm4fBHnOaA7OcR7y2zcGjpjRH75Q8xAITp5ahuIQrHxNvHe4u_vhwjtr&_nc_ohc=FPanAlE7C6cQ7kNvwG4E_34&_nc_gid=tQ7Hsgr23hW8DPanXy5myA&edm=APs17CUBAAAA&ccb=7-5&oh=00_Afr0Gs9oBz7qzRg9PA-6wYqY4CapEv2hJOX8IZmrGEFaMg&oe=695EC2DA&_nc_sid=10d13b,,,0.0,0.0,Image,
scrapper_target5,3.7707281853952113e+18,DRUUU5zCOv1,2025-11-21T11:50:49.000Z,,https://www.instagram.com/p/DRUUU5zCOv1/,https://scontent-lga3-2.cdninstagram.com/v/t51.2885-15/583826013_17847550779605209_3639664568975801989_n.jpg?stp=dst-jpg_e35_s1080x1080_sh0.08_tt6&_nc_ht=scontent-lga3-2.cdninstagram.com&_nc_cat=101&_nc_oc=Q6cZ2QFxvGIChZDLGVyjIob28cX-zMbnc6TDG_yNGNXUXokpuWy3eKGNyBSXB-x5jq1_Eew&_nc_ohc=SA0RNYdOdrgQ7kNvwFU-ocP&_nc_gid=cEmxYwkF263_Wt4V7-RuAw&edm=APs17CUBAAAA&ccb=7-5&oh=00_AfraaXSXhxfzNP7dpM1EeAUloDM5beLRnxYxMP9azw41ow&oe=695EE377&_nc_sid=10d13b,,,0.0,0.0,Image,
scrapper_target5,3.7707280433676324e+18,DRUUS1hiA5Q,2025-11-21T11:50:32.000Z,,https://www.instagram.com/p/DRUUS1hiA5Q/,https://scontent-lga3-2.cdninstagram.com/v/t51.2885-15/582560346_17847550749605209_649306538722873202_n.jpg?stp=dst-jpg_e35_s1080x1080_sh0.08_tt6&_nc_ht=scontent-lga3-2.cdninstagram.com&_nc_cat=101&_nc_oc=Q6cZ2QH1i-o6QsdMyBgA9UUg_AJMXO9ZW8VUXJ-PLAlmrk3fm2FxJx7RIBlAj9ax68kzm_F1J1o3Bf2MX0nlXTATy2Ei&_nc_ohc=O9zJhVaFFxQQ7kNvwHgq6_q&_nc_gid=vblv1EPyk8TUl1AF2Ea_YQ&edm=APs17CUBAAAA&ccb=7-5&oh=00_AfqSlxs7AxE7lNeZfexaNBVb0gUYxElNJHCHZ6mp4lPgCg&oe=695EE30C&_nc_sid=10d13b,,,0.0,0.0,Image,
scrapper_target6,3.7707277990665165e+18,DRUUPSADNyY,2025-11-21T11:50:03.000Z,,https://www.instagram.com/p/DRUUPSADNyY/,https://instagram.fosu2-2.fna.fbcdn.net/v/t51.2885-15/584352868_17846881572608128_8993879462455513790_n.jpg?stp=dst-jpg_e35_s1080x1080_sh0.08_tt6&_nc_ht=instagram.fosu2-2.fna.fbcdn.net&_nc_cat=104&_nc_oc=Q6cZ2QGIv6lrQQnz0Qt9ON1dQ96NDQbR247H8qJWzYpk9l5cJxqtRGYr-opjPAYVTUgXzT4uToIXGaoiA4on5GD5Tml8&_nc_ohc=GvO2vrQGo5UQ7kNvwHubKwu&_nc_gid=CmNBW_7JPS5marCIsNFcTA&edm=APs17CUBAAAA&ccb=7-5&oh=00_AfqZ2PVwq4zJBQTywus5tYxe5RZRHucEBs2VeRUMKckoxw&oe=695EC34F&_nc_sid=10d13b,,,0.0,0.0,Image,
scrapper_target6,3.770179367075599e+18,DRSXii6DFKm,2025-11-20T17:40:25.000Z,,https://www.instagram.com/p/DRSXii6DFKm/,https://scontent-sjc6-1.cdninstagram.com/v/t51.2885-15/583761827_17846749245608128_111047633139835662_n.jpg?stp=dst-jpg_e35_s1080x1080_sh0.08_tt6&_nc_ht=scontent-sjc6-1.cdninstagram.com&_nc_cat=104&_nc_oc=Q6cZ2QHgdqLoL_M_PxcNtUqlXsCTUwmGJW7fd3PrBLpK9htej7iaVATjJHDtBmeDJ7G6QTk&_nc_ohc=ayLJxFRzt9cQ7kNvwHZh8Ec&_nc_gid=6rHji6DktQ1EVIOSzmPbRg&edm=APs17CUBAAAA&ccb=7-5&oh=00_AfpRY_aa9AaIqv2qKSLtWJkmgmqkW3jXxHJ9o--KY2WSYg&oe=695EB50C&_nc_sid=10d13b,,,0.0,0.0,Image,
scrapper_target5,3.770178889428025e+18,DRSXbmECL5S,2025-11-20T17:39:28.000Z,,https://www.instagram.com/p/DRSXbmECL5S/,https://scontent-lga3-2.cdninstagram.com/v/t51.2885-15/584533143_17847419940605209_4110203273203595730_n.jpg?stp=dst-jpg_e35_s1080x1080_sh0.08_tt6&_nc_ht=scontent-lga3-2.cdninstagram.com&_nc_cat=101&_nc_oc=Q6cZ2QHGwKem_DEDMHw4_k7saq9AfOidEg6iyZPiDFK2EBCwVQePwA1i35F6BKiYDtb-ZzM&_nc_ohc=fEMobpbJMVcQ7kNvwGC2jSl&_nc_gid=0HXv27UcmF-xzKY46Cy4Hg&edm=APs17CUBAAAA&ccb=7-5&oh=00_AfoUu6bfssdz2YQoffU2iQkTZISM2mQcQTNHxbGLTvK42w&oe=695EB2FD&_nc_sid=10d13b,,,0.0,0.0,Image,
scrapper_target4,3.7701782590076457e+18,DRSXSa8DSiN,2025-11-20T17:38:13.000Z,,https://www.instagram.com/p/DRSXSa8DSiN/,https://scontent-dfw5-1.cdninstagram.com/v/t51.2885-15/583741711_17844684468614651_4197122278417818404_n.jpg?stp=dst-jpg_e35_s1080x1080_sh0.08_tt6&_nc_ht=scontent-dfw5-1.cdninstagram.com&_nc_cat=111&_nc_oc=Q6cZ2QGLXR5_g7LlPqIDKT1pZo_HgFAnnHfdaVnVgPDrggOKEgzY2X9sHE42iCU-0zIJyNg&_nc_ohc=fIg7nI2GPUgQ7kNvwEJ5BFj&_nc_gid=IHlztDwY_j-ZmldVxPA_nQ&edm=APs17CUBAAAA&ccb=7-5&oh=00_Afr4CqzFo7aJ_bBFKMz9trpq3c9w5bZ9pUngakYzlOaDMQ&oe=695ECF2D&_nc_sid=10d13b,,,0.0,0.0,Image,
scrapper_target4,3.770178118993397e+18,DRSXQYijUWD,2025-11-20T17:37:56.000Z,,https://www.instagram.com/p/DRSXQYijUWD/,https://instagram.flas1-1.fna.fbcdn.net/v/t51.2885-15/583897912_17844684273614651_222267169300335759_n.jpg?stp=dst-jpg_e35_s1080x1080_sh0.08_tt6&_nc_ht=instagram.flas1-1.fna.fbcdn.net&_nc_cat=111&_nc_oc=Q6cZ2QEFQ113qKdICDtiRzwvGZaqyOEjRk0GaJc5yymXJPeyfDDBH_vA_4-eZ4FJjmjHSqI&_nc_ohc=CUMNUxeDIbYQ7kNvwHR-Lj5&_nc_gid=Zo5OanDPhr6x9fMXYVL0TQ&edm=APs17CUBAAAA&ccb=7-5&oh=00_AfpQ-FymqU2zVunFIAgOQM3eku20jfUJJl9DP43lWeG03A&oe=695ECCDE&_nc_sid=10d13b,,,0.0,0.0,Image,
scrapper_target3,3.7701765959490017e+18,DRSW6OGCBxe,2025-11-20T17:34:55.000Z,,https://www.instagram.com/p/DRSW6OGCBxe/,https://scontent-atl3-3.cdninstagram.com/v/t51.2885-15/586662371_17843352693619399_8543092530704203757_n.jpg?stp=dst-jpg_e35_s1080x1080_sh0.08_tt6&_nc_ht=scontent-atl3-3.cdninstagram.com&_nc_cat=107&_nc_oc=Q6cZ2QESLF4cpmC3oT-jerSEumeAO-2nkpN5hpj-xD3-R2fsVvLRBNb3glzIjKesXL0jAsk&_nc_ohc=4UCGa_8iSe4Q7kNvwF9TBh8&_nc_gid=R0eySylVLKRS0jn1jFoTkg&edm=APs17CUBAAAA&ccb=7-5&oh=00_AfrOO34odW1wnDncLoKGkXXRh1a_8xK9mtgRP6RxYsMg8w&oe=695EB298&_nc_sid=10d13b,,,0.0,0.0,Image,
scrapper_target3,3.769536635503952e+18,DRQFZkfCMCX,2025-11-19T20:23:26.000Z,,https://www.instagram.com/p/DRQFZkfCMCX/,https://scontent-phx1-1.cdninstagram.com/v/t51.2885-15/582430062_17843205042619399_5716996061356966488_n.jpg?stp=dst-jpg_e35_s1080x1080_sh0.08_tt6&_nc_ht=scontent-phx1-1.cdninstagram.com&_nc_cat=107&_nc_oc=Q6cZ2QFAFmslDRCwyErQXuWrsGQ4DZ8RGD7Q_wgtWscSjAdkL3-kE09aPQyTJJI7umwi1NY&_nc_ohc=fV_zfq-66OEQ7kNvwErujT4&_nc_gid=6BFHtOzA5u-tmL2uILvDBQ&edm=APs17CUBAAAA&ccb=7-5&oh=00_AfoJbnWUcFwcXk_vCLPENM-ckVTnEBeyNtTSBL7fUj-ytQ&oe=695ECD89&_nc_sid=10d13b,,,0.0,0.0,Image,
scrapper_target4,3.769535543953521e+18,DRQFJr5jvrF,2025-11-19T20:21:15.000Z,,https://www.instagram.com/p/DRQFJr5jvrF/,https://scontent-lga3-1.cdninstagram.com/v/t51.2885-15/582282968_17844527130614651_7049984276665535086_n.jpg?stp=dst-jpg_e35_s1080x1080_sh0.08_tt6&_nc_ht=scontent-lga3-1.cdninstagram.com&_nc_cat=111&_nc_oc=Q6cZ2QE8wRtftHkybKXR0KEnF20viCV6h_4Mk0g-2PC-aDDJH3Sfwi9ZREeKK_EzcPfty80&_nc_ohc=ZfSYwi39KLMQ7kNvwEcksf6&_nc_gid=Vfgoay7QeMv04IFRTmSijw&edm=APs17CUBAAAA&ccb=7-5&oh=00_AfoiDqaLtVmuIbBN7dZDEaQ9oot4nefRO0qCFHQdPAerYw&oe=695EE030&_nc_sid=10d13b,,,0.0,0.0,Image,
scrapper_target5,3.769534813749942e+18,DRQE_D2CJUa,2025-11-19T20:19:48.000Z,,https://www.instagram.com/p/DRQE_D2CJUa/,https://scontent-ord5-1.cdninstagram.com/v/t51.2885-15/582158637_17847249462605209_3126072244910087195_n.jpg?stp=dst-jpg_e35_s1080x1080_sh0.08_tt6&_nc_ht=scontent-ord5-1.cdninstagram.com&_nc_cat=101&_nc_oc=Q6cZ2QFsWYq4a3d3A-fgQNR0ZiEkb6aTY98fHBwK6CF2n5164Tua9H4y8J0e74HW8WQm8ek&_nc_ohc=PPGM_UTdgCoQ7kNvwHWiIwy&_nc_gid=gRCXXNQciRlARzLl_sV5pQ&edm=APs17CUBAAAA&ccb=7-5&oh=00_AfrEJGWNh2OqKCyRode43KMGhC4CNgxBgfv0F_g5upQPYA&oe=695ECD5A&_nc_sid=10d13b,,,0.0,0.0,Image,"scrapper_target1, scrapper_target2"
scrapper_target6,3.769534147493368e+18,DRQE1XWDA_s,2025-11-19T20:18:29.000Z,,https://www.instagram.com/p/DRQE1XWDA_s/,https://instagram.fjbr1-1.fna.fbcdn.net/v/t51.2885-15/583708670_17846588814608128_9023770092126943934_n.jpg?stp=dst-jpg_e35_s1080x1080_sh0.08_tt6&_nc_ht=instagram.fjbr1-1.fna.fbcdn.net&_nc_cat=104&_nc_oc=Q6cZ2QFpQjDH1c4DBMcaa3ZWQ3_03mAApjIdCJ9jq0Mx9gmpneuvgEQ2CLk8vrTshqkt6ns&_nc_ohc=iYeNkx2l9fgQ7kNvwHrIX3n&_nc_gid=gVIcmSFgoiYCWIDcziPPHg&edm=APs17CUBAAAA&ccb=7-5&oh=00_AfqxFR2gHLC_xEzwddNKcNsZUAau558JJudgZ1D8HgsTiw&oe=695EB5A2&_nc_sid=10d13b,,,0.0,0.0,Image,
scrapper_target6,3.7692539628943283e+18,DRPFIJGjMIh,2025-11-19T11:01:48.000Z,,https://www.instagram.com/p/DRPFIJGjMIh/,https://scontent-lga3-3.cdninstagram.com/v/t51.2885-15/583984681_17846498325608128_1092093526910864064_n.jpg?stp=dst-jpg_e35_s1080x1080_sh0.08_tt6&_nc_ht=scontent-lga3-3.cdninstagram.com&_nc_cat=104&_nc_oc=Q6cZ2QFWft2UTVjtPtZxGwtPirVN2t8RV3Aa5gVYvpgopRjx0T6Eg4na8LYv69wBOnIWrYg&_nc_ohc=CekSsueAGlEQ7kNvwHfeqxv&_nc_gid=rm1k3dyldQ1zESuCRBR-Bg&edm=APs17CUBAAAA&ccb=7-5&oh=00_AfonQVs-zt6CBgQ2wc82froC20mruhK4NKMG_CV7zyCX6g&oe=695ECFCC&_nc_sid=10d13b,,,0.0,0.0,Image,
scrapper_target5,3.769253314890871e+18,DRPE-tmiLAn,2025-11-19T11:00:31.000Z,,https://www.instagram.com/p/DRPE-tmiLAn/,https://scontent-dfw6-1.cdninstagram.com/v/t51.2885-15/583352508_17847164457605209_8873122584145896749_n.jpg?stp=dst-jpg_e35_s1080x1080_sh0.08_tt6&_nc_ht=scontent-dfw6-1.cdninstagram.com&_nc_cat=101&_nc_oc=Q6cZ2QF9Hw9ZWBQ4pEKivs0AOwBtgVfubK-TqKHAdkT17iP_yudDHznkrb6Py4UZ4_NgxlqC3EGBX3jN1TCiUNUUqLON&_nc_ohc=XLWN4a8Cp5gQ7kNvwF_JYyq&_nc_gid=antFB4XSeUfpces_TW-tnA&edm=APs17CUBAAAA&ccb=7-5&oh=00_AfrW624OGCkZbtCiWgTew4YEiEtXsesPzOK1DtwXXfzPKg&oe=695EC023&_nc_sid=10d13b,,,0.0,0.0,Image,
scrapper_target4,3.769252640622919e+18,DRPE05pCD62,2025-11-19T10:59:11.000Z,,https://www.instagram.com/p/DRPE05pCD62/,https://scontent-atl3-3.cdninstagram.com/v/t51.2885-15/586681171_17844446517614651_5381018630801329192_n.jpg?stp=dst-jpg_e35_s1080x1080_sh0.08_tt6&_nc_ht=scontent-atl3-3.cdninstagram.com&_nc_cat=111&_nc_oc=Q6cZ2QG7eZcvsWQ7HNpPGRlmr8N5ALGnXT4ereqGc78hFFpPkdy_X7ncWZ7W8SV3KUh12xw&_nc_ohc=0fa4Cj-ULOQQ7kNvwFv0z8P&_nc_gid=6qXxAWzfE0huISL5nSmgXA&edm=APs17CUBAAAA&ccb=7-5&oh=00_AfoX_KcPMuLsXKpcq6dDPzIJ_XXHvKLiwTOeL4KXgv8PLw&oe=695EDB54&_nc_sid=10d13b,,,0.0,0.0,Image,
scrapper_target3,3.769252026543252e+18,DRPEr9vCCKJ,2025-11-19T10:57:58.000Z,,https://www.instagram.com/p/DRPEr9vCCKJ/,https://scontent-iad3-1.cdninstagram.com/v/t51.2885-15/582769944_17843130951619399_8647309775924901027_n.jpg?stp=dst-jpg_e35_s1080x1080_sh0.08_tt6&_nc_ht=scontent-iad3-1.cdninstagram.com&_nc_cat=107&_nc_oc=Q6cZ2QGJcD9kyZusid7ubhiDlbeQCmEXX_NmYGRMQkgc6KXg56yTBp5ZjnXnlYbUn4LNwOI&_nc_ohc=wbrcK7uNSDUQ7kNvwH0CXEi&_nc_gid=nfun0m4_CHqMp40LfXwJhQ&edm=APs17CUBAAAA&ccb=7-5&oh=00_Afrm74ot-eD22I2QCbcfgvCZ7q2A2o7-6v46NvOndfdwBA&oe=695EBFEB&_nc_sid=10d13b,,,0.0,0.0,Image,
scrapper_target6,3.7692331310698e+18,DRPAY_9DH3O,2025-11-19T10:20:25.000Z,,https://www.instagram.com/p/DRPAY_9DH3O/,https://scontent-atl3-2.cdninstagram.com/v/t51.2885-15/583931952_17846492166608128_5788421904675411878_n.jpg?stp=dst-jpg_e35_s1080x1080_sh0.08_tt6&_nc_ht=scontent-atl3-2.cdninstagram.com&_nc_cat=104&_nc_oc=Q6cZ2QE1sxcTh4MYA0aYa0cnt9i39Xmb8YujgVD9B2ZZEaM3qu6815UtmTskXMp5itztDm0&_nc_ohc=dKLBgaPI_nEQ7kNvwEi4cRb&_nc_gid=9wS-_6JZXjDmtvRcy1Ni0A&edm=APs17CUBAAAA&ccb=7-5&oh=00_AfrJfj-DHmOsdV1PEgV6jfHUMcZyBeJCrTccCWYb2xtfKQ&oe=695ED25E&_nc_sid=10d13b,,,0.0,0.0,Image,
scrapper_target5,3.769232905525031e+18,DRPAVt5iHC-,2025-11-19T10:19:58.000Z,,https://www.instagram.com/p/DRPAVt5iHC-/,https://instagram.fshd1-1.fna.fbcdn.net/v/t51.2885-15/582013699_17847158739605209_3561458100133864613_n.jpg?stp=dst-jpg_e35_s1080x1080_sh0.08_tt6&_nc_ht=instagram.fshd1-1.fna.fbcdn.net&_nc_cat=101&_nc_oc=Q6cZ2QGPChJ7wmgv_2Uz1XknJFZWtNV1RS3vgCDKT54LStadDXfyWpIPbzuh0uHko7pqbRo&_nc_ohc=3kTDXR9ZTSIQ7kNvwFvlolk&_nc_gid=dyZh4QUvRDWOcnmcDMbezA&edm=APs17CUBAAAA&ccb=7-5&oh=00_Afpb3KXcu3g3Y5I0H0_Gdp1nXnoiRzrP2uNJQcg-_X_NVA&oe=695ECA7A&_nc_sid=10d13b,,,0.0,0.0,Image,
scrapper_target4,3.769232606362097e+18,DRPARXSCFVn,2025-11-19T10:19:22.000Z,,https://www.instagram.com/p/DRPARXSCFVn/,https://scontent-lga3-1.cdninstagram.com/v/t51.2885-15/581665897_17844440982614651_7282493598762732694_n.jpg?stp=dst-jpg_e35_s1080x1080_sh0.08_tt6&_nc_ht=scontent-lga3-1.cdninstagram.com&_nc_cat=111&_nc_oc=Q6cZ2QHNHmIQUnks4zd8KbxQ16vqnUc-cwnMkDJjtcNKhvVs_dDSm1S851CjC3JNBUir6kw&_nc_ohc=wMmYw1xjuTcQ7kNvwHNJjGS&_nc_gid=i_7nCi96TN_DXuj8esOiDA&edm=APs17CUBAAAA&ccb=7-5&oh=00_Afq208_NX2hccs1Ax-M5mIQfXye44RGG_kQwPuhjg0KeJw&oe=695ED1EE&_nc_sid=10d13b,,,0.0,0.0,Image,
scrapper_target3,3.769147272097985e+18,DROs3ljiHEi,2025-11-19T07:29:50.000Z,,https://www.instagram.com/p/DROs3ljiHEi/,https://scontent-sjc6-1.cdninstagram.com/v/t51.2885-15/581904330_17843107431619399_2157834961838569091_n.jpg?stp=dst-jpg_e35_s1080x1080_sh0.08_tt6&_nc_ht=scontent-sjc6-1.cdninstagram.com&_nc_cat=107&_nc_oc=Q6cZ2QGndyS3fnRuytkSkwuE_rayIVrPzsJS2DGrwmKthft4R2uUaK0heHyciobqlEE_mm4&_nc_ohc=VoErDvf9zBsQ7kNvwGvPDKn&_nc_gid=qHzj4zNLUTPt-qzD-b3orA&edm=APs17CUBAAAA&ccb=7-5&oh=00_Afp7IfcFN2iIjfOFKT5w1ZMJtlrAU8r9MKIGKVBzR_r-hA&oe=695ED8F4&_nc_sid=10d13b,,,0.0,0.0,Image,
scrapper_target3,3.768676976836489e+18,DRNB749iDDA,2025-11-18T15:55:26.000Z,,https://www.instagram.com/p/DRNB749iDDA/,https://scontent-ord5-3.cdninstagram.com/v/t51.2885-15/583231321_17843010120619399_2589432852282129632_n.jpg?stp=dst-jpg_e35_s1080x1080_sh0.08_tt6&_nc_ht=scontent-ord5-3.cdninstagram.com&_nc_cat=107&_nc_oc=Q6cZ2QGVKNoP3DzSBqlvyNaOk56aCjCblOvnpkDo1zzVaYjAgfC7SvCgqyA6GuRkxOqFIbc&_nc_ohc=3zoZsjgTsr0Q7kNvwHegVUd&_nc_gid=cQYob3eaqgZy3s2WkF9pJg&edm=APs17CUBAAAA&ccb=7-5&oh=00_AfrQkZX3zc0uB-d4hbf-jxuMuSPykRmXee24NFLKd88zGg&oe=695EBDFD&_nc_sid=10d13b,,,0.0,0.0,Image,
scrapper_target6,3.7679166770787415e+18,DRKVEEojHEq,2025-11-17T14:44:51.000Z,,https://www.instagram.com/p/DRKVEEojHEq/,https://scontent-ord5-2.cdninstagram.com/v/t51.2885-15/583301584_17846159787608128_2268280458214433953_n.jpg?stp=dst-jpg_e35_s1080x1080_sh0.08_tt6&_nc_ht=scontent-ord5-2.cdninstagram.com&_nc_cat=104&_nc_oc=Q6cZ2QF1xcNdreXknx_0XtS8K-ECQFds_uyjwWmLQgl9Kk6vmxCDr42CNxRRU9FTaFGsDvI&_nc_ohc=G3_9-eNsYA8Q7kNvwG9dqIG&_nc_gid=O5OFGnBhrO-_CZSsUtjNOw&edm=APs17CUBAAAA&ccb=7-5&oh=00_AfpLARBBIXDUUABBsOvUZZOu9vrVlHprcvZekxd0vbgLuQ&oe=695EC2C4&_nc_sid=10d13b,,,0.0,0.0,Image,"scrapper_target1, scrapper_target2"
scrapper_target6,3.767852650214499e+18,DRKGgW-DKEN,2025-11-17T12:37:39.000Z,,https://www.instagram.com/p/DRKGgW-DKEN/,https://scontent-lga3-3.cdninstagram.com/v/t51.2885-15/581799238_17846138745608128_5773553385998132244_n.jpg?stp=dst-jpg_e35_s1080x1080_sh0.08_tt6&_nc_ht=scontent-lga3-3.cdninstagram.com&_nc_cat=104&_nc_oc=Q6cZ2QENY3UngS8uLrHrBFSIEsFZqRIEths__CTyZYSCcrfr5dwwZuz9uI6CV7cqS33kLMk&_nc_ohc=OIc8wG5V368Q7kNvwGpcoZm&_nc_gid=J9P9uoeo0buRxardknPKxg&edm=APs17CUBAAAA&ccb=7-5&oh=00_AfoqABebUDOYpfYPUDVwYESiVU_7BSbgwoatNt390n7AxA&oe=695EE1B4&_nc_sid=10d13b,,,0.0,0.0,Image,
scrapper_target6,3.767737082266288e+18,DRJsOn7jIAN,2025-11-17T08:48:02.000Z,,https://www.instagram.com/p/DRJsOn7jIAN/,https://scontent-iad3-1.cdninstagram.com/v/t51.2885-15/583847625_17846108382608128_424884992852590241_n.jpg?stp=dst-jpg_e35_s1080x1080_sh0.08_tt6&_nc_ht=scontent-iad3-1.cdninstagram.com&_nc_cat=104&_nc_oc=Q6cZ2QGjSDhwyslJduEOKQjX6t6XjZBIhlbzKH_sDXb2jJUfJHZs9Meou_AhFgoUfq3yJlY&_nc_ohc=mWkuaC9U_90Q7kNvwEUYBBR&_nc_gid=X8dHu_EOMG6kWgdRfRjnUQ&edm=APs17CUBAAAA&ccb=7-5&oh=00_AfrxL-HJsUhpekO2LtP1x_rI5rvoDZpfN_1wHbP-zLCOyw&oe=695EE9FD&_nc_sid=10d13b,,,0.0,0.0,Image,"scrapper_target1, scrapper_target2"
scrapper_target6,3.767733470215549e+18,DRJraD8jDCh,2025-11-17T08:40:51.000Z,,https://www.instagram.com/p/DRJraD8jDCh/,https://scontent-dfw5-2.cdninstagram.com/v/t51.2885-15/584016724_17846107554608128_9208756524670179185_n.jpg?stp=dst-jpg_e35_s1080x1080_sh0.08_tt6&_nc_ht=scontent-dfw5-2.cdninstagram.com&_nc_cat=104&_nc_oc=Q6cZ2QFIlR8og2G-g4XLIKjiQsSk8CvnPIKtYjVW46HkTvfE_pFtEL8p2-H2GV2DNW8A258&_nc_ohc=qsYjbvEpDfoQ7kNvwE213tN&_nc_gid=Tlb7tx8hhZSy5CMOJAMkRA&edm=APs17CUBAAAA&ccb=7-5&oh=00_AfrhAuYjErsmUnfFEhEyd6JIRrv489Ce-w8-PfW0AT_59g&oe=695ED640&_nc_sid=10d13b,,,0.0,0.0,Image,
scrapper_target6,3.7677328892876785e+18,DRJrRm6jFrX,2025-11-17T08:39:42.000Z,Greenwich,https://www.instagram.com/p/DRJrRm6jFrX/,https://scontent-dfw5-2.cdninstagram.com/v/t51.2885-15/583198343_17846107449608128_5445022368965494968_n.jpg?stp=dst-jpg_e35_s1080x1080_sh0.08_tt6&_nc_ht=scontent-dfw5-2.cdninstagram.com&_nc_cat=104&_nc_oc=Q6cZ2QEW0wlie2vnihyBIOJ63DW4F5nQ5fF1RF1hjYvDOcc35QuNuJoB2o9iSVeXLjN8JzQ&_nc_ohc=hP9mOLz7WBUQ7kNvwECQwBW&_nc_gid=BVn8CYasYzr7P1wfypN5yQ&edm=APs17CUBAAAA&ccb=7-5&oh=00_AfrhFX1atQTpYzShO-ACiX732Mp-X14OUhGdzZs64wja-Q&oe=695EE694&_nc_sid=10d13b,,,0.0,0.0,Image,
scrapper_target5,3.7677276501738844e+18,DRJqFXnCBdy,2025-11-17T08:29:18.000Z,,https://www.instagram.com/p/DRJqFXnCBdy/,https://scontent-msp1-1.cdninstagram.com/v/t51.2885-15/583779754_17846769717605209_2536457581426853688_n.jpg?stp=dst-jpg_e35_s1080x1080_sh0.08_tt6&_nc_ht=scontent-msp1-1.cdninstagram.com&_nc_cat=101&_nc_oc=Q6cZ2QHPCEby55bjjbGIeBoG3IhVvavVb_NPJhd2kwHwby_f_t5j69oSltL5oX9YeZHHE3k&_nc_ohc=yQqcKBbW7ggQ7kNvwHUiqme&_nc_gid=EyhTxZmmPJ8kVHiLfZtplA&edm=APs17CUBAAAA&ccb=7-5&oh=00_AfpXcaPhu40zbv4xHyCXpknIKIS5wVfHW54RXh4bGMR3jw&oe=695EE7E1&_nc_sid=10d13b,,,0.0,0.0,Image,
scrapper_target4,3.767726881140215e+18,DRJp6LZDYtR,2025-11-17T08:27:46.000Z,,https://www.instagram.com/p/DRJp6LZDYtR/,https://scontent-iad3-2.cdninstagram.com/v/t51.2885-15/583469767_17844074016614651_8357846305660972470_n.jpg?stp=dst-jpg_e35_s1080x1080_sh0.08_tt6&_nc_ht=scontent-iad3-2.cdninstagram.com&_nc_cat=111&_nc_oc=Q6cZ2QE3G77MTQWhFSdr1zMKCZFNfDIrEA_xdOh1JSR7FjCkseVnnERIEI1aOv-fBm36few&_nc_ohc=DpLnGf5Ve74Q7kNvwEW7YEJ&_nc_gid=gxg0bjpS6L_JTzTFLuGcEw&edm=APs17CUBAAAA&ccb=7-5&oh=00_AfpN_hOtzWVdGpdVPktM1JzokIRHnnosRghUurf1yNNwxQ&oe=695ECFAB&_nc_sid=10d13b,,,0.0,0.0,Image,
scrapper_target3,3.7677257758485074e+18,DRJpqGAiIjj,2025-11-17T08:25:40.000Z,South quay,https://www.instagram.com/p/DRJpqGAiIjj/,https://scontent-bos5-1.cdninstagram.com/v/t51.2885-15/581382445_17842799127619399_4024254106518948346_n.jpg?stp=dst-jpg_e35_s1080x1080_sh0.08_tt6&_nc_ht=scontent-bos5-1.cdninstagram.com&_nc_cat=107&_nc_oc=Q6cZ2QFfvLFlJobwPYi17z9BDgZbOMn4jMRyFJTID_2vTzD0WgmQZCkitFz8NdJWVKyIZgM&_nc_ohc=mLevhrAwC3MQ7kNvwFn3Xug&_nc_gid=H0EOj_wrsbhO_7nQNJYTuA&edm=APs17CUBAAAA&ccb=7-5&oh=00_AfrQ7AQxPBnaU8yaBamlFbRkYVkvDPu0kI5SHR3ynUO9pA&oe=695EDC13&_nc_sid=10d13b,,,0.0,0.0,Image,
scrapper_target6,3.767717529436057e+18,DRJnyF8DG3a,2025-11-17T08:09:11.000Z,Liverpool st.,https://www.instagram.com/p/DRJnyF8DG3a/,https://scontent-ord5-2.cdninstagram.com/v/t51.2885-15/581788521_17846103807608128_5381998993647003311_n.jpg?stp=dst-jpg_e35_s1080x1080_sh0.08_tt6&_nc_ht=scontent-ord5-2.cdninstagram.com&_nc_cat=104&_nc_oc=Q6cZ2QHoRwrhYtD74VSy6MTtaAkXTGriiETb813pxnw3hfkwPa4tntQdjFvmoIMbcATlI7A&_nc_ohc=xATVlKojlPQQ7kNvwH9nCqJ&_nc_gid=lf1oqhNIB1Jk2pfAAzujrw&edm=APs17CUBAAAA&ccb=7-5&oh=00_AfpAZAPVbB-nUP-WKXzpIxV1S79HC42RD8og4bCkmy_Fxw&oe=695EE2D9&_nc_sid=10d13b,,,0.0,0.0,Image,
scrapper_target5,3.7677165702403994e+18,DRJnkIniDf2,2025-11-17T08:07:17.000Z,Farringdon,https://www.instagram.com/p/DRJnkIniDf2/,https://scontent-den2-1.cdninstagram.com/v/t51.2885-15/581877524_17846766549605209_7457851747063031645_n.jpg?stp=dst-jpg_e35_s1080x1080_sh0.08_tt6&_nc_ht=scontent-den2-1.cdninstagram.com&_nc_cat=101&_nc_oc=Q6cZ2QGsOZ7xf-ZwwpO4XDHalHT8ShCa3nm1qnvGKlRoOLHuQYzdFyPHW04yyCmMhq8yEo2ob98_iKicRbW9Kcvadzwz&_nc_ohc=XY84zcBsq4YQ7kNvwGDnTej&_nc_gid=x0_wF5mjISGigsjEEbnOxw&edm=APs17CUBAAAA&ccb=7-5&oh=00_Afom55VZwCZrwKSfyA1cEeTvQtHIXFszuqoL357sgqO1Zw&oe=695ED869&_nc_sid=10d13b,,,0.0,0.0,Image,
scrapper_target4,3.767715722127294e+18,DRJnXywDT63,2025-11-17T08:05:36.000Z,Chinatown,https://www.instagram.com/p/DRJnXywDT63/,https://scontent-lga3-1.cdninstagram.com/v/t51.2885-15/583088380_17844071928614651_5202134874112028326_n.jpg?stp=dst-jpg_e35_s1080x1080_sh0.08_tt6&_nc_ht=scontent-lga3-1.cdninstagram.com&_nc_cat=111&_nc_oc=Q6cZ2QHE6CMf5W5e2riA9B83t6PArFZln2zrdP2UwlkG0J6DBqxHrMm69BjAg2ci_aulPHQXJe3IF8bnNLlh0l-8L8uS&_nc_ohc=tP7IBnZDjSwQ7kNvwF6vQ7l&_nc_gid=Rzr3npMMdXUx_2oZelV0nA&edm=APs17CUBAAAA&ccb=7-5&oh=00_Afr-GjwF0D3Km4mnGw8JPXyA-6UcGX9YzS-pe_3wvGxZbw&oe=695EBBA4&_nc_sid=10d13b,,,0.0,0.0,Image,
scrapper_target4,3.7677146221795e+18,DRJnHyWDeDp,2025-11-17T08:03:25.000Z,Tottenham Court rd,https://www.instagram.com/p/DRJnHyWDeDp/,https://scontent-iad3-2.cdninstagram.com/v/t51.2885-15/581452837_17844071763614651_1473868279739098329_n.jpg?stp=dst-jpg_e35_s1080x1080_sh0.08_tt6&_nc_ht=scontent-iad3-2.cdninstagram.com&_nc_cat=111&_nc_oc=Q6cZ2QGS_6q93LNk1_eEUYhYJKJ9HTpsQ4gOgG9NxxC0fWS4-LoZHGTo-ZcR0tZfCZh5lzg&_nc_ohc=HJmOdxPmaqIQ7kNvwEtCGdd&_nc_gid=oGs8Xxxiev33MMn53Bj-iw&edm=APs17CUBAAAA&ccb=7-5&oh=00_AfpogSWvWfmP1OrPAiw9j4gLFNAx7Wsa1Gkah71zC7G0hg&oe=695ED4A5&_nc_sid=10d13b,,,0.0,0.0,Image,
scrapper_target3,3.7672002067235144e+18,DRHyKDniH_d,2025-11-16T15:01:25.000Z,,https://www.instagram.com/p/DRHyKDniH_d/,https://scontent-iad3-1.cdninstagram.com/v/t51.2885-15/581849398_17842689831619399_6804824056908749445_n.jpg?stp=dst-jpg_e35_s1080x1080_sh0.08_tt6&_nc_ht=scontent-iad3-1.cdninstagram.com&_nc_cat=107&_nc_oc=Q6cZ2QHfQAqUCHIEx0vBbpwknF0SjWt_O6oJCAQElgb8Xfu-NBaJFRxKI5lrYPRJR6r3dNjE00RIe9BQ38dBpa-1sLxn&_nc_ohc=dE0BmKzyfJMQ7kNvwEKK5Mo&_nc_gid=iJ3Nkz20LxWftka0iTSLnA&edm=APs17CUBAAAA&ccb=7-5&oh=00_AfrC4f03AeXw-yHiRJE_1llz-kTiQTx9pdbr3AgvhbZpjQ&oe=695EE14A&_nc_sid=10d13b,,,0.0,0.0,Image,
scrapper_target3,3.767199908810482e+18,DRHyFuKiGFl,2025-11-16T15:00:50.000Z,,https://www.instagram.com/p/DRHyFuKiGFl/,https://instagram.fbna2-1.fna.fbcdn.net/v/t51.2885-15/582606092_17842689798619399_5882219515777423996_n.jpg?stp=dst-jpg_e35_s1080x1080_sh0.08_tt6&_nc_ht=instagram.fbna2-1.fna.fbcdn.net&_nc_cat=107&_nc_oc=Q6cZ2QFk-sTBr8ZprlsItAqsoCHaE6QM5vDY1bvNuxILnKR_K66RU64THDBtsASdu6SPKTw&_nc_ohc=kHVZM8SvnUsQ7kNvwG5kAou&_nc_gid=hJs4_PFnKShmI0svkHoWNg&edm=APs17CUBAAAA&ccb=7-5&oh=00_Afotoejn8i5P2cIr3xHn-7OQZoXQiCpIPZdjb0zzmS2N7Q&oe=695EDC06&_nc_sid=10d13b,,,0.0,0.0,Image,
scrapper_target3,3.767199488331535e+18,DRHx_mkCNFH,2025-11-16T15:00:00.000Z,,https://www.instagram.com/p/DRHx_mkCNFH/,https://instagram.ford4-1.fna.fbcdn.net/v/t51.2885-15/581531247_17842689654619399_476626076564658119_n.jpg?stp=dst-jpg_e35_s1080x1080_sh0.08_tt6&_nc_ht=instagram.ford4-1.fna.fbcdn.net&_nc_cat=107&_nc_oc=Q6cZ2QFn6_7opHqaq0r7aws6F9v-Bnu4EU7StzIT6aFYbCdEJeiD1DPr8-e-qWrtNI7s9yw&_nc_ohc=0dpbz3QWRWIQ7kNvwF6OeP7&_nc_gid=rg3sVgoIHK2cBG2Yih9xkg&edm=APs17CUBAAAA&ccb=7-5&oh=00_Afp8kBaFL_1sPgzhdKMJIdAd2EckhuOKEFvcN3adh_saAw&oe=695EE274&_nc_sid=10d13b,,,0.0,0.0,Image,
scrapper_target4,3.767198966249729e+18,DRHx4AViKvX,2025-11-16T14:58:54.000Z,,https://www.instagram.com/p/DRHx4AViKvX/,https://scontent-hou1-1.cdninstagram.com/v/t51.2885-15/582476603_17843957724614651_6325323559180286292_n.jpg?stp=dst-jpg_e35_s1080x1080_sh0.08_tt6&_nc_ht=scontent-hou1-1.cdninstagram.com&_nc_cat=111&_nc_oc=Q6cZ2QGQcjFaqW0FYfojn7AvryMaQYlHYTA1xHLYAehIUb-0p17YXAECIzxr-NO_faqUhIE&_nc_ohc=Hi--ro4B-DIQ7kNvwF_m8QK&_nc_gid=O3awaaOkR_ntnUEM_ei1jQ&edm=APs17CUBAAAA&ccb=7-5&oh=00_AfqMuptW6I9FfhASKLn_3gAvggPYSkM_SrHxXLFQ3X3j9Q&oe=695ECA34&_nc_sid=10d13b,,,0.0,0.0,Image,
scrapper_target4,3.767198555350516e+18,DRHxyBqCEKm,2025-11-16T14:58:05.000Z,,https://www.instagram.com/p/DRHxyBqCEKm/,https://scontent-mia3-1.cdninstagram.com/v/t51.2885-15/583291837_17843957487614651_1697851115055054730_n.jpg?stp=dst-jpg_e35_s1080x1080_sh0.08_tt6&_nc_ht=scontent-mia3-1.cdninstagram.com&_nc_cat=111&_nc_oc=Q6cZ2QGaHkbGKplq5Q6XPQaOMZH3tpnxRrLpnc0EirM2il53R907GLTApvR9Q_E9tZDb8Gg&_nc_ohc=XRhrNcf0LDYQ7kNvwHjxQRE&_nc_gid=_fUZA-3rfd3Hv5K4zXjr2Q&edm=APs17CUBAAAA&ccb=7-5&oh=00_AfqSw3CAw-wS4kUPBxAEB3OVL2caJAOZrOVWUSONYhUPjw&oe=695EB393&_nc_sid=10d13b,,,0.0,0.0,Image,
scrapper_target4,3.7671983726801787e+18,DRHxvXiCBvY,2025-11-16T14:57:43.000Z,,https://www.instagram.com/p/DRHxvXiCBvY/,https://scontent-ord5-1.cdninstagram.com/v/t51.2885-15/575168616_17843957427614651_2832982304883818398_n.jpg?stp=dst-jpg_e35_s1080x1080_sh0.08_tt6&_nc_ht=scontent-ord5-1.cdninstagram.com&_nc_cat=111&_nc_oc=Q6cZ2QFdpMao81zjnU_Kdu_D7mooWKRWkWWd53PLLEwfjSgBvp_jWW--Ge9e0Kb5-yNlfas&_nc_ohc=SHTNyRd6KR8Q7kNvwFP5Rsl&_nc_gid=4OkIyzfYn4J_8Xs2vhV13Q&edm=APs17CUBAAAA&ccb=7-5&oh=00_AfpPS4CYzilZX5280iX-Y6Ti4Aa0jy2Ma0KA7bEGOFPfsw&oe=695ECED3&_nc_sid=10d13b,,,0.0,0.0,Image,
scrapper_target4,3.767197554379867e+18,DRHxjdbiESL,2025-11-16T14:56:05.000Z,,https://www.instagram.com/p/DRHxjdbiESL/,https://scontent-iad3-2.cdninstagram.com/v/t51.2885-15/581732263_17843957142614651_764252207462382343_n.heic?stp=dst-jpg_e35_s1080x1080_sh0.08_tt6&_nc_ht=scontent-iad3-2.cdninstagram.com&_nc_cat=111&_nc_oc=Q6cZ2QHRsDNVNZqXoMiTsw5EqLGReUHMmo_VrOxU4SnQxpGA_pn673dDUX6VKQDjb3CZ9tA&_nc_ohc=T9dUSYFdjiQQ7kNvwFHnhIA&_nc_gid=Rx-n4yCtmWWqnSWF_bNSEg&edm=APs17CUBAAAA&ccb=7-5&oh=00_AfpNHL7p7vaqTyKqZTZjkEHY2z_qRpjsrQDGrA1Vc9DD8Q&oe=695EB348&_nc_sid=10d13b,,,0.0,0.0,Image,
scrapper_target5,3.767196655196834e+18,DRHxWYADAf7,2025-11-16T14:54:18.000Z,,https://www.instagram.com/p/DRHxWYADAf7/,https://instagram.fcha1-1.fna.fbcdn.net/v/t51.2885-15/583631431_17846636313605209_8914524109607683904_n.jpg?stp=dst-jpg_e35_s1080x1080_sh0.08_tt6&_nc_ht=instagram.fcha1-1.fna.fbcdn.net&_nc_cat=101&_nc_oc=Q6cZ2QEnaE-9u-gjuz4WwOK5IHPuLByLBQoVZvW7vRpHqv4zl0KKLcj-uY3RnZiZjULAjS4&_nc_ohc=5DfeTUb-OUYQ7kNvwE-6WNQ&_nc_gid=TOlr9RF7L_umPAIfQU2t6g&edm=APs17CUBAAAA&ccb=7-5&oh=00_AfpaZSfKENozLuKnJNUiGkkoF4tmkbFHQlmhgL-HhEKOhw&oe=695ECE0F&_nc_sid=10d13b,Skyex Community Stadium,133933297049036.0,0.0,0.0,Image,
scrapper_target5,3.767195893746117e+18,DRHxLS2DCnK,2025-11-16T14:52:47.000Z,,https://www.instagram.com/p/DRHxLS2DCnK/,https://scontent-iad3-1.cdninstagram.com/v/t51.2885-15/583678004_17846635725605209_4325219832941601714_n.jpg?stp=dst-jpg_e35_s1080x1080_sh0.08_tt6&_nc_ht=scontent-iad3-1.cdninstagram.com&_nc_cat=101&_nc_oc=Q6cZ2QH7X--oBgPvMQTvZCZlwzk0TYz0atgeqlKGIRMZr3s0rQ4VRh-WrguF8bITNQAfrwM&_nc_ohc=56oRQzYPS6kQ7kNvwEyY_po&_nc_gid=TQsfhgXp5gLbb5j9uZPKHA&edm=APs17CUBAAAA&ccb=7-5&oh=00_Afp02VdodD2MRmoIqwwh7guIyEFY7riLpfCaaITvEObB3A&oe=695ED6DA&_nc_sid=10d13b,"Hayes, Hillingdon",522949781.0,0.0,0.0,Image,
scrapper_target5,3.767195493760509e+18,DRHxFeVDCQ5,2025-11-16T14:52:00.000Z,,https://www.instagram.com/p/DRHxFeVDCQ5/,https://instagram.flas1-2.fna.fbcdn.net/v/t51.2885-15/583104012_17846635467605209_5394276569691778384_n.jpg?stp=dst-jpg_e35_s1080x1080_sh0.08_tt6&_nc_ht=instagram.flas1-2.fna.fbcdn.net&_nc_cat=101&_nc_oc=Q6cZ2QGXF4JB-KwGnTvbQlnVYRbgnuPL-jsdYnqsX_6wz_fZCrGtFUlvnhVHPN4kEPQXIQI&_nc_ohc=5tzn8OGCqakQ7kNvwFbAhge&_nc_gid=j16uSDSpH0gKCkHVKC7tIg&edm=APs17CUBAAAA&ccb=7-5&oh=00_AfoxZoBpC1n8Iqxh41Lc-qjuyV7z62cKZ8oPCsB4T4kJLQ&oe=695ED8AC&_nc_sid=10d13b,Hayes And Yeading Football Club,564267796.0,0.0,0.0,Image,
scrapper_target6,3.767193551680361e+18,DRHwpNoDNJx,2025-11-16T14:48:08.000Z,,https://www.instagram.com/p/DRHwpNoDNJx/,https://scontent-dfw5-2.cdninstagram.com/v/t51.2885-15/582038275_17845971801608128_1045835840458034228_n.jpg?stp=dst-jpg_e35_s1080x1080_sh0.08_tt6&_nc_ht=scontent-dfw5-2.cdninstagram.com&_nc_cat=104&_nc_oc=Q6cZ2QH4_Ng855rkR2opm2GE9ZfTjGn3xo_inEWQbjgWRxDrHtndZP3nYkuUR9Jq6pgtDPg&_nc_ohc=ziPMrlZOXycQ7kNvwEDYNaf&_nc_gid=-98arfsI91RkwyJR1s5M4w&edm=APs17CUBAAAA&ccb=7-5&oh=00_AfpgfBzbbQ_duwsaspPobkgTvE-gNKH_ZTUeF6_59zDs7A&oe=695ED2D7&_nc_sid=10d13b,,,0.0,0.0,Image,
scrapper_target6,3.7671930595878497e+18,DRHwiDVDP0q,2025-11-16T14:47:36.000Z,,https://www.instagram.com/p/DRHwiDVDP0q/,https://scontent-iad3-1.cdninstagram.com/v/t51.2885-15/582336249_1386516656407388_1234815446410993454_n.jpg?stp=dst-jpg_e15_tt6&_nc_ht=scontent-iad3-1.cdninstagram.com&_nc_cat=108&_nc_oc=Q6cZ2QEQc3gT45i-6HkiqZ46sMRgEHWmt06Y353_TtJDLzeTeAWyhlZ9vhizeJSJlN1TJEk&_nc_ohc=Zb-vDPyeYigQ7kNvwHucKD8&_nc_gid=BjgoEN46JF5bWF2IJuGrxA&edm=APs17CUBAAAA&ccb=7-5&oh=00_AfrTiypTu5fIbMmPi5l_h4AXYP_fyYOkB8T88G-cpkebjA&oe=695ED758&_nc_sid=10d13b,"Southall, Slough, United Kingdom",243485488.0,80.0,0.0,Video,
scrapper_target6,3.7671927829482767e+18,DRHweBsDBrR,2025-11-16T14:46:36.000Z,,https://www.instagram.com/p/DRHweBsDBrR/,https://instagram.fosu2-2.fna.fbcdn.net/v/t51.2885-15/583042316_17845971510608128_5342654068130270532_n.jpg?stp=dst-jpg_e35_s1080x1080_sh0.08_tt6&_nc_ht=instagram.fosu2-2.fna.fbcdn.net&_nc_cat=104&_nc_oc=Q6cZ2QFq-jk3nb3om_AxaGfzRrS1_h7s--JsiKrzeU3d-a0L9tTNyGgSpY6WgOo-7xHaRgp6w4j9hWni1DiCzN7DzEB9&_nc_ohc=KYlp6o287VcQ7kNvwH7saaH&_nc_gid=_DvaBuh4hxAALBDnJU_uqA&edm=APs17CUBAAAA&ccb=7-5&oh=00_AfrMR44J6AUSEI5Z8_b5fwiSF_oH6gsTNIb50gkp7glYmQ&oe=695EBE93&_nc_sid=10d13b,,,0.0,0.0,Image,
scrapper_target3,3.7667598089391017e+18,DRGOBbOCI4I,2025-11-16T00:26:25.000Z,,https://www.instagram.com/p/DRGOBbOCI4I/,https://scontent-iad3-1.cdninstagram.com/v/t51.2885-15/581725146_17842591710619399_6615840469154441132_n.jpg?stp=dst-jpg_e35_s1080x1080_sh0.08_tt6&_nc_ht=scontent-iad3-1.cdninstagram.com&_nc_cat=107&_nc_oc=Q6cZ2QFUYVNeQXHigk3gIFNeRd5U_6WqbxXBFUqEQkXXZFpeEA3FU8IAW4W4bzhFGUN_aQw&_nc_ohc=JZlb_f0cknkQ7kNvwGFxufd&_nc_gid=OCCgRuVUpRkdkwyc0ku75w&edm=APs17CUBAAAA&ccb=7-5&oh=00_AfqmLossUgZCghJFvpPwKkZyuc5HpzRnyEiDiKmsfLsexQ&oe=695ECEA8&_nc_sid=10d13b,,,0.0,0.0,Image,
